#VRML V2.0 utf8
# 3D model generated by easyeda2kicad.py (https://github.com/uPesy/easyeda2kicad.py)

Shape{
    appearance Appearance {
        material  Material 	{
            diffuseColor 0.2235294117647059 0.2235294117647059 0.2235294117647059
            specularColor 0.11372549019607843 0.11372549019607843 0.11372549019607843
            ambientIntensity 0.2235
            transparency 0.0
            shininess 0.5
        }
    }
    geometry IndexedFaceSet {
        ccw TRUE
        solid FALSE
        coord DEF co Coordinate {
            point [
                0.0097 0.2455 0.2907, 0.0097 0.2464 0.2838, -0.0135 0.2464 0.2838, -0.0149 0.2464 0.2838, -0.0149 0.2474 0.277, -0.0309 0.2474 0.277, -0.0791 0.2475 0.2767, -0.0791 0.2475 0.2765, -0.0817 0.2475 0.2765, -0.0289 0.2455 0.2909, -0.026 0.2455 0.2907, -0.0309 0.2455 0.2907, -0.0229 0.2421 0.3148, -0.0233 0.2421 0.3148, -0.0149 0.2421 0.3148, 0.0887 0.2475 0.2765, 0.0677 0.2475 0.2765, 0.0668 0.2474 0.277, 0.0849 0.2417 0.3179, 0.0832 0.2416 0.3185, 0.3008 0.2416 0.3185, 0.0303 0.2447 0.2966, 0.0257 0.2452 0.2927, 0.0097 0.2421 0.3148, 0.0483 0.2421 0.3148, 0.0454 0.2424 0.3129, 0.0398 0.2433 0.3065, 0.0362 0.2443 0.2994, 0.0354 0.2443 0.2991, 0.0529 0.2416 0.318, 0.0097 0.2416 0.3185, 0.0544 0.2416 0.3185, 0.2926 0.2334 0.3768, 0.077 0.2412 0.3208, 0.0097 0.2334 0.3768, 0.0685 0.2411 0.3218, 0.0615 0.2412 0.321, 0.3013 0.2421 0.3148, 0.0897 0.2421 0.3148, 0.0891 0.242 0.3154, 0.1203 0.2441 0.3004, 0.1189 0.2439 0.3016, 0.1132 0.2434 0.3054, 0.1068 0.2431 0.3077, 0.1006 0.243 0.3083, 0.0931 0.2425 0.312, 0.0986 0.243 0.3082, 0.0966 0.2431 0.308, 0.3047 0.2455 0.2907, 0.3057 0.2464 0.2838, 0.1282 0.2464 0.2838, 0.127 0.2456 0.2896, 0.1265 0.2455 0.2907, 0.1241 0.2448 0.2956, 0.3067 0.2475 0.2765, 0.128 0.2474 0.277, 0.3067 0.2474 0.277, 0.1284 0.2468 0.2811, 0.1284 0.2466 0.2829, 0.0537 0.2493 0.2636, 0.0525 0.2492 0.264, 0.0504 0.2479 0.2737, 0.0547 0.2494 0.2629, 0.3152 0.2559 0.2165, 0.1003 0.2519 0.2452, 0.1036 0.2515 0.2477, 0.0512 0.2492 0.2642, 0.051 0.2492 0.2642, 0.0505 0.2492 0.2641, 0.0097 0.2559 0.2165, 0.0756 0.2507 0.2537, 0.0776 0.2512 0.25, 0.0097 0.2475 0.2765, 0.0203 0.2482 0.2711, 0.0225 0.249 0.2657, 0.0259 0.2496 0.2611, 0.0803 0.2516 0.247, 0.0837 0.2519 0.2447, 0.0875 0.2521 0.2433, 0.0916 0.2522 0.2428, 0.0923 0.2522 0.2428, 0.0963 0.2521 0.2435, 0.1061 0.2511 0.2508, 0.1078 0.2506 0.2544, 0.1105 0.2505 0.2553, 0.0336 0.2487 0.2681, 0.0317 0.2483 0.2708, 0.0305 0.2479 0.2738, 0.0521 0.2475 0.2765, 0.0306 0.2502 0.2572, 0.0359 0.2505 0.2548, 0.0415 0.2507 0.2536, 0.0565 0.2499 0.259, 0.0565 0.2499 0.2596, 0.0744 0.2496 0.2613, 0.0561 0.2497 0.2608, 0.0555 0.2495 0.262, 0.1166 0.25 0.2585, 0.1214 0.2494 0.2627, 0.1219 0.2493 0.2632, 0.1255 0.2486 0.2687, 0.1278 0.2477 0.275, 0.1279 0.2475 0.2765, 0.0516 0.2507 0.2537, 0.0526 0.2507 0.2539, 0.0537 0.2506 0.2543, 0.0548 0.2505 0.2551, 0.0552 0.2504 0.2555, 0.0559 0.2503 0.2566, 0.0564 0.2501 0.2577, 0.0745 0.2501 0.2579, 0.0744 0.2499 0.2596, 0.0502 0.2492 0.264, 0.0425 0.2492 0.264, 0.0394 0.2492 0.2645, 0.0364 0.249 0.2659, 0.0338 0.2487 0.2679, 0.0302 0.2475 0.2765, 0.0301 0.2474 0.277, 0.0524 0.2474 0.277, 0.0301 0.2474 0.2771, 0.117 0.2474 0.277, 0.1175 0.2472 0.2788, 0.0557 0.2466 0.2827, 0.1177 0.2468 0.2814, 0.1173 0.2464 0.2838, 0.0302 0.2472 0.2785, 0.0309 0.2467 0.2818, 0.032 0.2464 0.2838, 0.0852 0.2476 0.2756, 0.0816 0.2479 0.2737, 0.0786 0.2483 0.271, 0.0993 0.2477 0.275, 0.0955 0.2475 0.2764, 0.1168 0.2475 0.2765, 0.094 0.2475 0.2765, 0.0914 0.2474 0.2768, 0.0893 0.2475 0.2767, 0.1163 0.2477 0.2747, 0.1056 0.2485 0.2694, 0.1028 0.248 0.2726, 0.1143 0.2482 0.2712, 0.1112 0.2487 0.2681, 0.1075 0.249 0.2658, 0.0447 0.2455 0.2904, 0.1156 0.2457 0.2892, 0.1171 0.2462 0.2855, 0.0433 0.2455 0.2903, 0.0325 0.2463 0.2847, 0.0345 0.246 0.2869, 0.0371 0.2458 0.2888, 0.0401 0.2456 0.2899, 0.0519 0.2435 0.3049, 0.0526 0.2434 0.3056, 0.0914 0.2448 0.2956, 0.0481 0.2441 0.3003, 0.1146 0.2455 0.2907, 0.0927 0.2447 0.2963, 0.0447 0.2455 0.2907, 0.0456 0.2449 0.2948, 0.0965 0.2445 0.2977, 0.1005 0.2444 0.2982, 0.1022 0.2444 0.2981, 0.0574 0.2429 0.3089, 0.0627 0.2426 0.3109, 0.0889 0.2441 0.3008, 0.0684 0.2425 0.3117, 0.1064 0.2446 0.2972, 0.1103 0.2449 0.2952, 0.1133 0.2452 0.2926, 0.0746 0.2426 0.3109, 0.0802 0.2429 0.3087, 0.085 0.2434 0.3053, 0.0097 0.2474 0.277, 0.0195 0.2474 0.277, 0.0196 0.2475 0.2765, 0.0202 0.2466 0.2827, 0.0195 0.2474 0.2772, 0.0243 0.2455 0.2907, 0.0223 0.2459 0.2879, 0.0207 0.2464 0.2838, -0.1024 0.2483 0.2705, -0.1033 0.2486 0.2682, -0.1043 0.2475 0.2765, -0.1043 0.2559 0.2165, -0.1017 0.2501 0.2582, -0.0999 0.2504 0.2561, -0.0974 0.2506 0.2543, -0.0947 0.2507 0.2533, -0.0817 0.2559 0.2165, -0.0906 0.2508 0.2528, -0.1036 0.2491 0.2649, -0.1036 0.2493 0.2634, -0.1029 0.2497 0.2606, -0.0976 0.2477 0.2751, -0.1001 0.2479 0.2734, -0.1009 0.248 0.2725, -0.0842 0.2475 0.2765, -0.0842 0.2475 0.2766, -0.0817 0.2474 0.277, -0.091 0.2475 0.2766, -0.1043 0.2474 0.277, -0.0915 0.2475 0.2765, -0.0947 0.2475 0.2761, -0.0032 0.2492 0.2641, -0.0031 0.2503 0.2561, -0.0118 0.2492 0.2641, -0.0129 0.2504 0.256, -0.0118 0.2488 0.2668, -0.0125 0.2478 0.2744, -0.0032 0.2488 0.2668, -0.0033 0.2478 0.2745, -0.0135 0.2475 0.2765, -0.0135 0.2474 0.277, -0.0125 0.2475 0.2765, -0.0126 0.2474 0.277, -0.0126 0.2474 0.2771, -0.0002 0.2474 0.2772, -0.0002 0.2474 0.277, -0.0135 0.2559 0.2165, -0.0129 0.2507 0.2533, -0.0 0.2507 0.2534, -0.0002 0.2475 0.2765, -0.0817 0.2421 0.3148, -0.0844 0.2422 0.3144, -0.0877 0.2422 0.3143, -0.0751 0.2455 0.2906, -0.0751 0.2455 0.2907, -0.0744 0.2455 0.2907, -0.0817 0.2431 0.3076, -0.0744 0.2464 0.2838, -0.0785 0.2455 0.2906, -0.0817 0.2464 0.2838, -0.0785 0.2455 0.2907, -0.0817 0.2455 0.2907, -0.0817 0.2446 0.2971, -0.0808 0.2446 0.2971, -0.0909 0.2446 0.297, -0.0932 0.2455 0.2907, -0.0933 0.2455 0.2905, -0.0967 0.2455 0.2905, -0.1043 0.2464 0.2838, -0.0966 0.2455 0.2907, -0.1043 0.2455 0.2907, -0.1043 0.2421 0.3148, -0.0461 0.2421 0.3148, -0.0493 0.2421 0.3146, -0.0519 0.2421 0.3148, -0.0492 0.2425 0.3119, -0.0485 0.2436 0.3043, -0.0461 0.2436 0.3043, -0.0399 0.244 0.3016, -0.0398 0.2451 0.2936, -0.0461 0.244 0.3016, -0.0461 0.2451 0.2936, -0.0485 0.244 0.3015, -0.0497 0.2451 0.2935, -0.0461 0.2425 0.3119, -0.04 0.2425 0.3119, -0.0399 0.2436 0.3043, -0.0367 0.2455 0.2909, -0.0352 0.2455 0.2907, -0.0461 0.2455 0.2907, -0.0352 0.2421 0.3148, -0.0369 0.2421 0.3147, -0.0461 0.2421 0.3146, -0.0519 0.2455 0.2907, -0.0496 0.2455 0.2908, -0.0461 0.2455 0.2908, -0.0309 0.2421 0.3148, -0.0309 0.2421 0.3145, -0.0321 0.2422 0.3142, -0.0321 0.2426 0.3109, -0.0269 0.2451 0.2934, -0.0296 0.245 0.2938, -0.0309 0.2426 0.3114, -0.0309 0.245 0.2944, -0.0318 0.2426 0.3111, -0.0319 0.2449 0.2949, -0.0294 0.2425 0.312, -0.0264 0.2424 0.3124, -0.0173 0.2438 0.3027, -0.02 0.2448 0.2954, -0.0216 0.245 0.2943, -0.0198 0.2428 0.3098, -0.0185 0.2431 0.308, -0.0215 0.2426 0.3111, -0.0234 0.2425 0.312, -0.0255 0.2424 0.3124, -0.0177 0.2433 0.306, -0.0173 0.2439 0.3018, -0.0177 0.2443 0.2994, -0.0233 0.2451 0.2936, -0.0257 0.2451 0.2933, -0.0184 0.2445 0.2975, -0.0196 0.2448 0.2959, -0.0264 0.242 0.3152, -0.0264 0.242 0.3152, -0.0309 0.2416 0.3185, -0.0296 0.2421 0.3149, -0.0298 0.2421 0.3148, -0.0158 0.2428 0.3095, -0.0175 0.2425 0.3117, -0.0181 0.2425 0.3123, -0.0204 0.2422 0.3138, -0.0135 0.2421 0.3148, -0.0146 0.2432 0.3069, -0.0149 0.2431 0.3075, -0.0149 0.2445 0.2974, -0.0145 0.2444 0.2986, -0.0135 0.2455 0.2907, -0.014 0.2438 0.3025, -0.0141 0.2436 0.3037, -0.0238 0.2455 0.2907, -0.0212 0.2454 0.2912, -0.0149 0.2455 0.2907, -0.019 0.2453 0.2923, -0.017 0.245 0.2939, -0.0154 0.2447 0.2961, -0.0309 0.2464 0.2838, -0.0253 0.2455 0.2906, -0.024 0.2455 0.2907, -0.0319 0.2453 0.2919, -0.0315 0.2453 0.2917, -0.0309 0.2454 0.2915, -0.0036 0.2421 0.3148, -0.0034 0.245 0.2939, -0.013 0.245 0.2938, -0.0129 0.2454 0.2911, -0.0003 0.2454 0.2912, -0.2208 0.2416 0.3185, -0.3008 0.2416 0.3185, -0.2926 0.2334 0.3768, -0.2208 0.2421 0.3148, -0.3013 0.2421 0.3148, -0.2208 0.2455 0.2907, -0.3047 0.2455 0.2907, -0.2208 0.2464 0.2838, -0.3057 0.2464 0.2838, -0.2208 0.2474 0.277, -0.3067 0.2474 0.277, -0.2208 0.2475 0.2765, -0.3067 0.2475 0.2765, -0.2208 0.2559 0.2165, -0.3152 0.2559 0.2165, -0.0337 0.2507 0.2538, -0.0337 0.2502 0.2569, -0.0309 0.2475 0.2765, -0.0309 0.2559 0.2165, -0.0352 0.2559 0.2165, -0.0352 0.2507 0.2532, -0.0351 0.2504 0.256, -0.0352 0.2504 0.256, -0.0352 0.2495 0.2623, -0.0346 0.2494 0.2629, -0.0342 0.2493 0.2635, -0.0339 0.2492 0.2644, -0.0338 0.249 0.2656, -0.0339 0.2489 0.2667, -0.0351 0.2495 0.2624, -0.0358 0.2508 0.253, -0.0443 0.2497 0.2605, -0.0449 0.2498 0.2597, -0.0445 0.2488 0.2668, -0.0357 0.2485 0.2692, -0.0365 0.2484 0.2696, -0.0352 0.2475 0.2765, -0.0343 0.2487 0.2676, -0.0348 0.2486 0.2684, -0.0352 0.2486 0.2687, -0.0381 0.2484 0.2703, -0.0405 0.2483 0.2705, -0.0461 0.2475 0.2765, -0.0426 0.2483 0.2703, -0.0446 0.2484 0.2697, -0.0453 0.2501 0.2577, -0.0451 0.2503 0.2565, -0.0461 0.2559 0.2165, -0.0448 0.2504 0.2556, -0.0442 0.2505 0.2548, -0.041 0.2508 0.2531, -0.0383 0.2508 0.2528, -0.0433 0.2506 0.2541, -0.0426 0.2507 0.2537, -0.0402 0.2487 0.2681, -0.0393 0.2487 0.268, -0.0369 0.249 0.2658, -0.0385 0.2487 0.2678, -0.0378 0.2487 0.2675, -0.0369 0.249 0.2654, -0.037 0.2491 0.265, -0.0372 0.2492 0.2646, -0.0375 0.2492 0.2643, -0.0386 0.2493 0.2636, -0.0423 0.2487 0.2678, -0.0404 0.2494 0.2628, -0.044 0.2488 0.2672, -0.0416 0.2495 0.2623, -0.0436 0.2496 0.2612, -0.0374 0.2488 0.2671, -0.0371 0.2489 0.2667, -0.0369 0.2489 0.2663, -0.037 0.2504 0.2554, -0.0383 0.2497 0.2606, -0.0365 0.2496 0.2615, -0.0386 0.2505 0.2552, -0.0388 0.2505 0.2552, -0.0403 0.2498 0.2598, -0.0403 0.2505 0.2553, -0.0422 0.2502 0.2575, -0.0422 0.2501 0.2578, -0.0411 0.2504 0.2556, -0.0414 0.2504 0.2558, -0.0417 0.2503 0.2561, -0.042 0.2503 0.2565, -0.0421 0.2502 0.2569, -0.042 0.25 0.2583, -0.0418 0.25 0.2587, -0.0414 0.2499 0.2591, -0.0519 0.249 0.2654, -0.0547 0.2502 0.2573, -0.0555 0.2502 0.2572, -0.0519 0.2559 0.2165, -0.0744 0.2559 0.2165, -0.0665 0.2508 0.253, -0.0551 0.2504 0.2559, -0.0551 0.2504 0.2559, -0.0553 0.2503 0.2564, -0.0519 0.2475 0.2765, -0.0603 0.2484 0.27, -0.0667 0.2475 0.2765, -0.0634 0.2484 0.27, -0.0555 0.2511 0.2505, -0.0541 0.2515 0.2478, -0.0474 0.2519 0.2453, -0.0474 0.2515 0.248, -0.0503 0.2484 0.2701, -0.0469 0.2484 0.2701, -0.0452 0.25 0.2588, -0.0528 0.2517 0.2464, -0.0519 0.2518 0.2458, -0.0518 0.2518 0.2457, -0.0519 0.2502 0.2573, -0.051 0.2514 0.2483, -0.0516 0.2514 0.2489, -0.0507 0.2519 0.2452, -0.0493 0.2519 0.2451, -0.0487 0.2519 0.2451, -0.048 0.2515 0.2478, -0.0491 0.2515 0.2476, -0.0499 0.2515 0.2477, -0.0506 0.2515 0.248, -0.0519 0.2513 0.2495, -0.0522 0.2512 0.25, -0.0536 0.2508 0.2531, -0.084 0.2508 0.2528, -0.0791 0.2478 0.2739, -0.0795 0.2504 0.2556, -0.0795 0.2508 0.2529, -0.0744 0.2508 0.2529, -0.0697 0.2493 0.2637, -0.0697 0.2504 0.2556, -0.0744 0.2493 0.2636, -0.0744 0.2504 0.2556, -0.0783 0.2493 0.2636, -0.0783 0.2489 0.2663, -0.0744 0.2489 0.2663, -0.0744 0.2478 0.274, -0.0698 0.2478 0.274, -0.0697 0.2489 0.2664, -0.0744 0.2474 0.277, -0.0744 0.2475 0.2767, -0.0667 0.2474 0.2767, -0.0519 0.2474 0.277, -0.0294 0.2489 0.2667, -0.0297 0.2492 0.2642, -0.0296 0.2508 0.2532, -0.0149 0.2559 0.2165, -0.0266 0.2507 0.2532, -0.0176 0.2489 0.2662, -0.0176 0.2485 0.2691, -0.0149 0.2475 0.2765, -0.0242 0.2487 0.2681, -0.0232 0.2486 0.2682, -0.0216 0.2493 0.2634, -0.017 0.2496 0.2613, -0.0179 0.2495 0.2621, -0.0191 0.2494 0.2627, -0.0197 0.2487 0.2675, -0.0216 0.2487 0.2681, -0.0235 0.2483 0.2706, -0.0205 0.2484 0.2703, -0.0182 0.2485 0.2694, -0.0256 0.2483 0.2704, -0.0268 0.2484 0.27, -0.0278 0.2485 0.2694, -0.0283 0.2486 0.2689, -0.0289 0.2487 0.2679, -0.0183 0.2507 0.2535, -0.0173 0.2506 0.2542, -0.017 0.2506 0.2545, -0.0164 0.2504 0.2554, -0.0267 0.2492 0.264, -0.0266 0.249 0.2653, -0.0263 0.2489 0.2664, -0.0259 0.2488 0.267, -0.016 0.2503 0.2564, -0.0158 0.2501 0.2579, -0.016 0.2499 0.2592, -0.0164 0.2498 0.2603, -0.0266 0.2504 0.2559, -0.0265 0.2504 0.2559, -0.0228 0.2508 0.253, -0.0212 0.2508 0.2529, -0.0194 0.2508 0.2531, -0.0255 0.2487 0.2675, -0.0249 0.2487 0.2679, -0.026 0.2505 0.2551, -0.0251 0.2506 0.2541, -0.024 0.2507 0.2535, -0.1083 0.2508 0.2527, -0.1049 0.2508 0.2527, -0.1142 0.2475 0.2764, -0.1175 0.2475 0.2764, -0.1265 0.2508 0.2525, -0.1231 0.2508 0.2526, -0.1207 0.2499 0.2591, -0.1107 0.2499 0.2592, -0.0461 0.2474 0.277, -0.0352 0.2474 0.277, -0.0352 0.2464 0.2838, -0.0461 0.2464 0.2838, -0.0519 0.2464 0.2838, -0.0036 0.2421 0.3149, -0.0135 0.2416 0.3185, -0.0005 0.2421 0.3149, -0.0005 0.2421 0.3148, -0.0737 0.244 0.3013, -0.0731 0.2444 0.2986, -0.0726 0.243 0.3084, -0.0734 0.2433 0.3061, -0.0744 0.2421 0.3148, -0.0738 0.2438 0.3028, -0.0719 0.2447 0.2961, -0.0701 0.245 0.294, -0.0676 0.2453 0.2922, -0.0612 0.2421 0.3145, -0.0649 0.2422 0.3141, -0.0678 0.2423 0.313, -0.0649 0.2454 0.2912, -0.0608 0.2455 0.2907, -0.0542 0.2455 0.2908, -0.0543 0.2421 0.3146, -0.0703 0.2426 0.3113, -0.0711 0.2427 0.3105, -0.0149 0.2416 0.3185, -0.1043 0.2416 0.3185, -0.0817 0.2416 0.3185, -0.0744 0.2416 0.3185, -0.0519 0.2416 0.3185, -0.0461 0.2416 0.3185, -0.0352 0.2416 0.3185, -0.2208 0.2334 0.3768, -0.1043 0.2334 0.3768, -0.0817 0.2334 0.3768, -0.0744 0.2334 0.3768, -0.0519 0.2334 0.3768, -0.0461 0.2334 0.3768, -0.0352 0.2334 0.3768, -0.0309 0.2334 0.3768, -0.0149 0.2334 0.3768, -0.0135 0.2334 0.3768, -0.2926 0.2139 0.3937, -0.2926 -0.2139 0.3937, 0.2926 0.2139 0.3937, 0.2926 -0.2139 0.3937, -0.2926 -0.2139 0.0394, -0.2926 0.2139 0.0394, 0.2926 -0.2139 0.0394, 0.2926 0.2139 0.0394, 0.2926 -0.2334 0.3768, -0.2926 -0.2334 0.3768, 0.3152 -0.2559 0.2165, -0.3152 -0.2559 0.2165, 0.3346 0.0591 0.2165, 0.3346 0.2364 0.2165, 0.3319 0.0591 0.2362, 0.3121 0.2139 0.3768, 0.3319 -0.0591 0.2362, 0.3121 -0.2139 0.3768, 0.3346 -0.0591 0.2165, 0.3346 -0.2364 0.2165, -0.3346 -0.0591 0.2165, -0.3346 -0.2364 0.2165, -0.3319 -0.0591 0.2362, -0.3121 -0.2139 0.3768, -0.3319 0.0591 0.2362, -0.3121 0.2139 0.3768, -0.3346 0.0591 0.2165, -0.3346 0.2364 0.2165, 0.2926 -0.2334 0.0563, -0.2926 -0.2334 0.0563, 0.3319 -0.0591 0.1969, 0.3121 -0.2139 0.0563, 0.3319 0.0591 0.1969, 0.3121 0.2139 0.0563, -0.3319 0.0591 0.1969, -0.3121 0.2139 0.0563, -0.3319 -0.0591 0.1969, -0.3121 -0.2139 0.0563, -0.2926 0.2334 0.0563, 0.2926 0.2334 0.0563, -0.2926 0.2322 0.3812, 0.2926 0.2322 0.3812, 0.2926 0.2322 0.3813, -0.2926 0.2322 0.3813, 0.2926 0.23 0.3853, -0.2926 0.23 0.3853, 0.2926 0.2299 0.3854, -0.2926 0.2299 0.3854, 0.2926 0.2269 0.3888, -0.2926 0.2269 0.3888, 0.2926 0.2268 0.3889, -0.2926 0.2268 0.3889, 0.2926 0.223 0.3915, -0.2926 0.223 0.3915, 0.2926 0.2229 0.3915, -0.2926 0.2229 0.3915, 0.2926 0.2186 0.3931, -0.2926 0.2186 0.3931, 0.2926 0.2185 0.3931, -0.2926 0.2185 0.3931, 0.296 0.2264 0.3888, 0.295 0.2227 0.3915, 0.2938 0.2184 0.3931, 0.295 0.2179 0.3931, 0.2967 0.2162 0.3931, 0.2959 0.2172 0.3931, 0.2972 0.2151 0.3931, 0.2974 0.2316 0.3812, 0.2977 0.2326 0.3774, 0.2976 0.2326 0.3774, 0.3023 0.2307 0.3777, 0.3018 0.2298 0.3812, 0.3023 0.2306 0.3777, 0.3056 0.2269 0.3812, 0.3063 0.2275 0.3779, 0.3085 0.2231 0.3812, 0.3094 0.2236 0.3777, 0.3094 0.2235 0.3777, 0.3104 0.2186 0.3812, 0.3114 0.2189 0.3774, 0.3114 0.2189 0.3774, 0.311 0.2139 0.3812, 0.2973 0.2139 0.3931, 0.2972 0.2218 0.3915, 0.2991 0.2203 0.3915, 0.3005 0.2184 0.3915, 0.3014 0.2162 0.3915, 0.2973 0.2139 0.3931, 0.3017 0.2139 0.3915, 0.3017 0.2139 0.3915, 0.3055 0.2139 0.3889, 0.2991 0.2251 0.3888, 0.3018 0.2231 0.3888, 0.3039 0.2204 0.3888, 0.3052 0.2173 0.3888, 0.2968 0.2295 0.3853, 0.3007 0.2279 0.3853, 0.304 0.2253 0.3853, 0.3066 0.222 0.3853, 0.3082 0.2181 0.3853, 0.3056 0.2139 0.3888, 0.3087 0.2139 0.3854, 0.3088 0.2139 0.3853, 0.3109 0.2139 0.3813, -0.3087 0.2139 0.3854, -0.3056 0.2139 0.3888, -0.3052 0.2173 0.3888, -0.3014 0.2162 0.3915, -0.2972 0.2151 0.3931, -0.2967 0.2162 0.3931, -0.295 0.2179 0.3931, -0.2959 0.2172 0.3931, -0.2938 0.2184 0.3931, -0.2973 0.2139 0.3931, -0.3104 0.2186 0.3812, -0.3114 0.2189 0.3774, -0.3114 0.2189 0.3774, -0.3094 0.2235 0.3777, -0.3085 0.2231 0.3812, -0.3094 0.2236 0.3777, -0.3056 0.2269 0.3812, -0.3063 0.2275 0.3779, -0.3018 0.2298 0.3812, -0.3023 0.2306 0.3777, -0.3023 0.2307 0.3777, -0.2974 0.2316 0.3812, -0.2977 0.2326 0.3774, -0.2976 0.2326 0.3774, -0.3055 0.2139 0.3889, -0.3017 0.2139 0.3915, -0.3017 0.2139 0.3915, -0.2973 0.2139 0.3931, -0.3005 0.2184 0.3915, -0.2991 0.2203 0.3915, -0.2972 0.2218 0.3915, -0.295 0.2227 0.3915, -0.3039 0.2204 0.3888, -0.3018 0.2231 0.3888, -0.2991 0.2251 0.3888, -0.296 0.2264 0.3888, -0.3109 0.2139 0.3813, -0.3088 0.2139 0.3853, -0.3082 0.2181 0.3853, -0.3066 0.222 0.3853, -0.304 0.2253 0.3853, -0.3007 0.2279 0.3853, -0.2968 0.2295 0.3853, -0.311 0.2139 0.3812, 0.311 -0.2139 0.3812, 0.3109 -0.2139 0.3813, 0.3088 -0.2139 0.3853, 0.3087 -0.2139 0.3854, 0.3056 -0.2139 0.3888, 0.3055 -0.2139 0.3889, 0.3017 -0.2139 0.3915, 0.3017 -0.2139 0.3915, 0.2973 -0.2139 0.3931, 0.2973 -0.2139 0.3931, 0.3202 0.2552 0.2165, 0.3226 0.2544 0.2165, 0.3249 0.2533 0.2165, 0.327 0.2519 0.2165, 0.329 0.2502 0.2165, 0.3306 0.2483 0.2165, 0.332 0.2462 0.2165, 0.3332 0.2439 0.2165, 0.334 0.2415 0.2165, -0.3202 0.2552 0.2165, -0.3226 0.2544 0.2165, -0.3249 0.2533 0.2165, -0.327 0.2519 0.2165, -0.329 0.2502 0.2165, -0.3306 0.2483 0.2165, -0.332 0.2462 0.2165, -0.3332 0.2439 0.2165, -0.334 0.2415 0.2165, -0.311 -0.2139 0.3812, -0.3109 -0.2139 0.3813, -0.3088 -0.2139 0.3853, -0.3087 -0.2139 0.3854, -0.3056 -0.2139 0.3888, -0.3055 -0.2139 0.3889, -0.3017 -0.2139 0.3915, -0.3017 -0.2139 0.3915, -0.2973 -0.2139 0.3931, -0.2973 -0.2139 0.3931, -0.2926 -0.2322 0.3812, 0.2926 -0.2322 0.3812, -0.2926 -0.2322 0.3813, 0.2926 -0.2322 0.3813, -0.2926 -0.23 0.3853, 0.2926 -0.23 0.3853, -0.2926 -0.2299 0.3854, 0.2926 -0.2299 0.3854, -0.2926 -0.2269 0.3888, 0.2926 -0.2269 0.3888, -0.2926 -0.2268 0.3889, 0.2926 -0.2268 0.3889, -0.2926 -0.223 0.3915, 0.2926 -0.223 0.3915, -0.2926 -0.2229 0.3915, 0.2926 -0.2229 0.3915, -0.2926 -0.2186 0.3931, 0.2926 -0.2186 0.3931, -0.2926 -0.2185 0.3931, 0.2926 -0.2185 0.3931, 0.3052 -0.2173 0.3888, 0.3014 -0.2162 0.3915, 0.2972 -0.2151 0.3931, 0.2967 -0.2162 0.3931, 0.295 -0.2179 0.3931, 0.2959 -0.2172 0.3931, 0.2938 -0.2184 0.3931, 0.3104 -0.2186 0.3812, 0.3114 -0.2189 0.3774, 0.3114 -0.2189 0.3774, 0.3094 -0.2235 0.3777, 0.3085 -0.2231 0.3812, 0.3094 -0.2236 0.3777, 0.3056 -0.2269 0.3812, 0.3063 -0.2275 0.3779, 0.3018 -0.2298 0.3812, 0.3023 -0.2306 0.3777, 0.3023 -0.2307 0.3777, 0.2974 -0.2316 0.3812, 0.2977 -0.2326 0.3774, 0.2976 -0.2326 0.3774, 0.3005 -0.2184 0.3915, 0.2991 -0.2203 0.3915, 0.2972 -0.2218 0.3915, 0.295 -0.2227 0.3915, 0.3039 -0.2204 0.3888, 0.3018 -0.2231 0.3888, 0.2991 -0.2251 0.3888, 0.296 -0.2264 0.3888, 0.3082 -0.2181 0.3853, 0.3066 -0.222 0.3853, 0.304 -0.2253 0.3853, 0.3007 -0.2279 0.3853, 0.2968 -0.2295 0.3853, 0.3115 0.2182 0.0558, 0.3114 0.2189 0.0557, 0.3099 0.2222 0.0554, 0.3094 0.2235 0.0553, 0.3076 0.2258 0.0553, 0.3063 0.2275 0.0552, 0.3046 0.2289 0.0553, 0.3023 0.2307 0.0553, 0.301 0.2312 0.0554, 0.2976 0.2326 0.0557, 0.2969 0.2327 0.0558, -0.2926 0.2322 0.0519, 0.2926 0.2322 0.0519, -0.2926 0.2322 0.0518, 0.2926 0.2322 0.0518, -0.2926 0.23 0.0478, 0.2926 0.23 0.0478, -0.2926 0.2299 0.0477, 0.2926 0.2299 0.0477, -0.2926 0.2269 0.0443, 0.2926 0.2269 0.0443, -0.2926 0.2268 0.0442, 0.2926 0.2268 0.0442, -0.2926 0.223 0.0416, 0.2926 0.223 0.0416, -0.2926 0.2229 0.0416, 0.2926 0.2229 0.0416, -0.2926 0.2186 0.0399, 0.2926 0.2186 0.0399, -0.2926 0.2185 0.0399, 0.2926 0.2185 0.0399, -0.2976 0.2326 0.0557, -0.2977 0.2326 0.0557, -0.3023 0.2307 0.0553, -0.3023 0.2306 0.0553, -0.3063 0.2275 0.0552, -0.3094 0.2236 0.0553, -0.3094 0.2235 0.0553, -0.3114 0.2189 0.0557, -0.3114 0.2189 0.0557, -0.296 -0.2264 0.3888, -0.295 -0.2227 0.3915, -0.2938 -0.2184 0.3931, -0.295 -0.2179 0.3931, -0.2967 -0.2162 0.3931, -0.2959 -0.2172 0.3931, -0.2972 -0.2151 0.3931, -0.2974 -0.2316 0.3812, -0.2977 -0.2326 0.3774, -0.2976 -0.2326 0.3774, -0.3023 -0.2307 0.3777, -0.3018 -0.2298 0.3812, -0.3023 -0.2306 0.3777, -0.3056 -0.2269 0.3812, -0.3063 -0.2275 0.3779, -0.3085 -0.2231 0.3812, -0.3094 -0.2236 0.3777, -0.3094 -0.2235 0.3777, -0.3104 -0.2186 0.3812, -0.3114 -0.2189 0.3774, -0.3114 -0.2189 0.3774, -0.2972 -0.2218 0.3915, -0.2991 -0.2203 0.3915, -0.3005 -0.2184 0.3915, -0.3014 -0.2162 0.3915, -0.2991 -0.2251 0.3888, -0.3018 -0.2231 0.3888, -0.3039 -0.2204 0.3888, -0.3052 -0.2173 0.3888, -0.2968 -0.2295 0.3853, -0.3007 -0.2279 0.3853, -0.304 -0.2253 0.3853, -0.3066 -0.222 0.3853, -0.3082 -0.2181 0.3853, 0.334 -0.2415 0.2165, 0.3332 -0.2439 0.2165, 0.332 -0.2462 0.2165, 0.3306 -0.2483 0.2165, 0.329 -0.2502 0.2165, 0.327 -0.2519 0.2165, 0.3249 -0.2533 0.2165, 0.3226 -0.2544 0.2165, 0.3202 -0.2552 0.2165, 0.3109 0.2139 0.0518, 0.3088 0.2139 0.0478, 0.3084 0.2175 0.0478, 0.3087 0.2139 0.0477, 0.3056 0.2139 0.0443, 0.3053 0.2168 0.0443, 0.3015 0.2159 0.0416, 0.2972 0.2149 0.0399, 0.2969 0.2159 0.0399, 0.2947 0.2181 0.0399, 0.2956 0.2176 0.0399, 0.2937 0.2185 0.0399, 0.2973 0.2139 0.0399, 0.3105 0.218 0.0519, 0.3092 0.2219 0.0519, 0.307 0.2253 0.0519, 0.3041 0.2282 0.0519, 0.3006 0.2304 0.0519, 0.2967 0.2318 0.0519, 0.3055 0.2139 0.0442, 0.3017 0.2139 0.0416, 0.3017 0.2139 0.0416, 0.2973 0.2139 0.0399, 0.2997 0.2196 0.0416, 0.2983 0.221 0.0416, 0.2966 0.2221 0.0416, 0.2947 0.2228 0.0416, 0.3008 0.2178 0.0416, 0.2963 0.2168 0.0399, 0.3043 0.2195 0.0443, 0.3028 0.222 0.0443, 0.3007 0.224 0.0443, 0.2983 0.2256 0.0443, 0.2955 0.2265 0.0443, 0.3072 0.2209 0.0478, 0.3052 0.2239 0.0478, 0.3027 0.2265 0.0478, 0.2996 0.2284 0.0478, 0.2962 0.2296 0.0478, 0.311 0.2139 0.0519, -0.296 0.2264 0.0443, -0.295 0.2227 0.0416, -0.2938 0.2184 0.0399, -0.295 0.2179 0.0399, -0.2967 0.2162 0.0399, -0.2959 0.2172 0.0399, -0.2972 0.2151 0.0399, -0.2974 0.2316 0.0519, -0.3018 0.2298 0.0519, -0.3056 0.2269 0.0519, -0.3085 0.2231 0.0519, -0.3104 0.2186 0.0519, -0.311 0.2139 0.0519, -0.2973 0.2139 0.0399, -0.2972 0.2218 0.0416, -0.2991 0.2203 0.0416, -0.3005 0.2184 0.0416, -0.3014 0.2162 0.0416, -0.2973 0.2139 0.0399, -0.3017 0.2139 0.0416, -0.3017 0.2139 0.0416, -0.3055 0.2139 0.0442, -0.2991 0.2251 0.0443, -0.3018 0.2231 0.0443, -0.3039 0.2204 0.0443, -0.3052 0.2173 0.0443, -0.2968 0.2295 0.0478, -0.3007 0.2279 0.0478, -0.304 0.2253 0.0478, -0.3066 0.222 0.0478, -0.3082 0.2181 0.0478, -0.3056 0.2139 0.0443, -0.3087 0.2139 0.0477, -0.3088 0.2139 0.0478, -0.3109 0.2139 0.0518, -0.3202 -0.2552 0.2165, -0.3226 -0.2544 0.2165, -0.3249 -0.2533 0.2165, -0.327 -0.2519 0.2165, -0.329 -0.2502 0.2165, -0.3306 -0.2483 0.2165, -0.332 -0.2462 0.2165, -0.3332 -0.2439 0.2165, -0.334 -0.2415 0.2165, 0.2969 -0.2327 0.0558, 0.2976 -0.2326 0.0557, 0.301 -0.2312 0.0554, 0.3023 -0.2307 0.0553, 0.3046 -0.2289 0.0553, 0.3063 -0.2275 0.0552, 0.3076 -0.2258 0.0553, 0.3094 -0.2235 0.0553, 0.3099 -0.2222 0.0554, 0.3114 -0.2189 0.0557, 0.3115 -0.2182 0.0558, 0.311 -0.2139 0.0519, 0.3109 -0.2139 0.0518, 0.3088 -0.2139 0.0478, 0.3087 -0.2139 0.0477, 0.3056 -0.2139 0.0443, 0.3055 -0.2139 0.0442, 0.3017 -0.2139 0.0416, 0.3017 -0.2139 0.0416, 0.2973 -0.2139 0.0399, 0.2973 -0.2139 0.0399, -0.311 -0.2139 0.0519, -0.3109 -0.2139 0.0518, -0.3088 -0.2139 0.0478, -0.3087 -0.2139 0.0477, -0.3056 -0.2139 0.0443, -0.3055 -0.2139 0.0442, -0.3017 -0.2139 0.0416, -0.3017 -0.2139 0.0416, -0.2973 -0.2139 0.0399, -0.2973 -0.2139 0.0399, -0.3114 -0.2189 0.0557, -0.3114 -0.2189 0.0557, -0.3094 -0.2235 0.0553, -0.3094 -0.2236 0.0553, -0.3063 -0.2275 0.0552, -0.3023 -0.2306 0.0553, -0.3023 -0.2307 0.0553, -0.2977 -0.2326 0.0557, -0.2976 -0.2326 0.0557, 0.2926 -0.2322 0.0518, 0.2926 -0.23 0.0478, 0.2962 -0.2296 0.0478, 0.2926 -0.2299 0.0477, 0.2926 -0.2269 0.0443, 0.2955 -0.2265 0.0443, 0.2947 -0.2228 0.0416, 0.2937 -0.2185 0.0399, 0.2947 -0.2181 0.0399, 0.2969 -0.2159 0.0399, 0.2963 -0.2168 0.0399, 0.2972 -0.2149 0.0399, 0.2926 -0.2185 0.0399, 0.2967 -0.2318 0.0519, 0.3006 -0.2304 0.0519, 0.3041 -0.2282 0.0519, 0.307 -0.2253 0.0519, 0.3092 -0.2219 0.0519, 0.3105 -0.218 0.0519, 0.2926 -0.2268 0.0442, 0.2926 -0.223 0.0416, 0.2926 -0.2229 0.0416, 0.2926 -0.2186 0.0399, 0.2983 -0.221 0.0416, 0.2997 -0.2196 0.0416, 0.3008 -0.2178 0.0416, 0.3015 -0.2159 0.0416, 0.2966 -0.2221 0.0416, 0.2956 -0.2176 0.0399, 0.2983 -0.2256 0.0443, 0.3007 -0.224 0.0443, 0.3028 -0.222 0.0443, 0.3043 -0.2195 0.0443, 0.3053 -0.2168 0.0443, 0.2996 -0.2284 0.0478, 0.3027 -0.2265 0.0478, 0.3052 -0.2239 0.0478, 0.3072 -0.2209 0.0478, 0.3084 -0.2175 0.0478, 0.2926 -0.2322 0.0519, -0.3052 -0.2173 0.0443, -0.3014 -0.2162 0.0416, -0.2972 -0.2151 0.0399, -0.2967 -0.2162 0.0399, -0.295 -0.2179 0.0399, -0.2959 -0.2172 0.0399, -0.2938 -0.2184 0.0399, -0.3104 -0.2186 0.0519, -0.3085 -0.2231 0.0519, -0.3056 -0.2269 0.0519, -0.3018 -0.2298 0.0519, -0.2974 -0.2316 0.0519, -0.2926 -0.2322 0.0519, -0.2926 -0.2185 0.0399, -0.3005 -0.2184 0.0416, -0.2991 -0.2203 0.0416, -0.2972 -0.2218 0.0416, -0.295 -0.2227 0.0416, -0.2926 -0.2186 0.0399, -0.2926 -0.2229 0.0416, -0.2926 -0.223 0.0416, -0.2926 -0.2268 0.0442, -0.3039 -0.2204 0.0443, -0.3018 -0.2231 0.0443, -0.2991 -0.2251 0.0443, -0.296 -0.2264 0.0443, -0.3082 -0.2181 0.0478, -0.3066 -0.222 0.0478, -0.304 -0.2253 0.0478, -0.3007 -0.2279 0.0478, -0.2968 -0.2295 0.0478, -0.2926 -0.2269 0.0443, -0.2926 -0.2299 0.0477, -0.2926 -0.23 0.0478, -0.2926 -0.2322 0.0518
            ]
        }
        coordIndex [
            0,1,2,-1,3,4,5,-1,6,7,8,-1,9,10,11,-1,12,13,14,-1,15,16,17,-1,18,19,20,-1,21,22,23,-1,23,22,0,-1,24,25,23,-1,23,25,26,-1,26,27,23,-1,23,27,28,-1,23,28,21,-1,24,23,29,-1,29,23,30,-1,29,30,31,-1,20,19,32,-1,32,19,33,-1,32,33,34,-1,34,33,35,-1,34,35,36,-1,37,38,20,-1,20,38,39,-1,20,39,18,-1,40,41,37,-1,41,42,37,-1,37,42,43,-1,37,43,38,-1,38,43,44,-1,38,44,45,-1,45,44,46,-1,45,46,47,-1,48,49,50,-1,50,51,48,-1,48,51,52,-1,48,52,37,-1,37,52,53,-1,37,53,40,-1,54,55,56,-1,56,55,57,-1,56,57,49,-1,49,57,58,-1,49,58,50,-1,59,60,61,-1,59,61,62,-1,63,64,65,-1,60,66,61,-1,61,66,67,-1,61,67,68,-1,69,70,71,-1,72,73,69,-1,69,73,74,-1,69,74,75,-1,71,76,69,-1,69,76,77,-1,69,77,78,-1,78,79,69,-1,69,79,80,-1,69,80,63,-1,63,80,81,-1,63,81,64,-1,65,82,63,-1,63,82,83,-1,63,83,84,-1,85,86,61,-1,61,86,87,-1,61,87,88,-1,75,89,69,-1,69,89,90,-1,69,90,91,-1,92,93,94,-1,94,93,95,-1,94,95,61,-1,61,95,96,-1,61,96,62,-1,84,97,63,-1,63,97,98,-1,63,98,99,-1,99,100,63,-1,63,100,101,-1,63,101,54,-1,54,101,102,-1,54,102,55,-1,91,103,69,-1,69,103,104,-1,69,104,70,-1,104,105,70,-1,70,105,106,-1,70,106,107,-1,107,108,70,-1,70,108,109,-1,70,109,110,-1,110,109,92,-1,110,92,111,-1,111,92,94,-1,68,112,61,-1,61,112,113,-1,61,113,114,-1,114,115,61,-1,61,115,116,-1,61,116,85,-1,87,117,88,-1,88,117,118,-1,88,118,119,-1,119,118,120,-1,121,17,122,-1,122,17,123,-1,122,123,124,-1,124,123,125,-1,120,126,119,-1,119,126,127,-1,119,127,123,-1,123,127,128,-1,123,128,125,-1,15,129,16,-1,16,129,130,-1,16,130,131,-1,132,133,134,-1,134,133,135,-1,134,135,121,-1,121,135,136,-1,121,136,17,-1,17,136,137,-1,17,137,15,-1,138,139,134,-1,134,139,140,-1,134,140,132,-1,138,141,139,-1,139,141,142,-1,139,142,143,-1,144,145,146,-1,146,125,144,-1,144,125,128,-1,144,128,147,-1,147,128,148,-1,148,149,147,-1,147,149,150,-1,147,150,151,-1,152,153,154,-1,152,154,155,-1,156,154,157,-1,145,144,156,-1,156,144,158,-1,156,158,154,-1,154,158,159,-1,154,159,155,-1,157,160,156,-1,156,160,161,-1,156,161,162,-1,153,163,154,-1,154,163,164,-1,154,164,165,-1,165,164,166,-1,167,168,162,-1,162,168,169,-1,162,169,156,-1,170,171,166,-1,166,171,172,-1,166,172,165,-1,173,174,175,-1,1,176,173,-1,173,176,177,-1,173,177,174,-1,22,178,0,-1,0,178,179,-1,0,179,1,-1,1,179,180,-1,1,180,176,-1,181,182,183,-1,184,185,186,-1,186,187,184,-1,184,187,188,-1,184,188,189,-1,189,188,190,-1,191,192,184,-1,184,192,193,-1,184,193,185,-1,194,195,183,-1,183,195,196,-1,183,196,181,-1,197,198,199,-1,199,198,200,-1,199,200,201,-1,201,200,202,-1,201,202,183,-1,183,202,203,-1,183,203,194,-1,204,205,206,-1,206,205,207,-1,206,207,208,-1,208,207,209,-1,208,209,210,-1,210,209,211,-1,212,213,214,-1,214,213,215,-1,215,213,216,-1,216,213,2,-1,216,2,217,-1,217,2,1,-1,217,1,218,-1,218,1,173,-1,218,173,72,-1,72,173,175,-1,72,175,73,-1,214,209,212,-1,212,209,207,-1,212,207,219,-1,219,207,220,-1,219,220,69,-1,69,220,221,-1,69,221,72,-1,72,221,222,-1,72,222,218,-1,223,224,225,-1,226,227,228,-1,228,227,229,-1,226,230,231,-1,231,230,232,-1,231,232,233,-1,232,234,233,-1,233,234,235,-1,233,235,236,-1,237,235,238,-1,238,235,234,-1,238,234,239,-1,239,234,232,-1,239,232,240,-1,240,232,241,-1,240,241,242,-1,242,241,243,-1,242,243,225,-1,225,243,244,-1,225,244,223,-1,245,246,247,-1,247,246,248,-1,247,248,249,-1,249,248,250,-1,251,252,253,-1,253,252,254,-1,253,254,255,-1,255,254,256,-1,248,257,250,-1,250,257,258,-1,250,258,259,-1,260,261,262,-1,263,264,245,-1,245,264,265,-1,245,265,246,-1,249,255,247,-1,247,255,256,-1,247,256,266,-1,266,256,267,-1,266,267,262,-1,262,267,268,-1,262,268,260,-1,269,270,263,-1,263,270,271,-1,263,271,272,-1,273,274,275,-1,275,274,276,-1,275,276,277,-1,277,276,278,-1,277,278,272,-1,272,278,261,-1,272,261,263,-1,263,261,260,-1,263,260,264,-1,279,280,281,-1,275,282,283,-1,284,285,286,-1,286,285,287,-1,280,288,281,-1,281,288,287,-1,281,287,289,-1,289,287,285,-1,279,281,275,-1,275,281,290,-1,275,290,291,-1,283,292,275,-1,275,292,293,-1,275,293,273,-1,291,294,275,-1,275,294,295,-1,275,295,282,-1,296,297,298,-1,298,297,299,-1,298,299,300,-1,14,301,302,-1,302,303,14,-1,14,303,304,-1,14,304,12,-1,305,306,14,-1,14,306,307,-1,14,307,301,-1,308,309,310,-1,310,309,311,-1,310,311,305,-1,305,311,312,-1,305,312,306,-1,313,314,315,-1,314,316,315,-1,315,316,317,-1,315,317,318,-1,319,320,321,-1,313,315,321,-1,321,315,3,-1,321,3,319,-1,278,322,261,-1,261,322,323,-1,261,323,11,-1,11,323,324,-1,11,324,9,-1,325,326,305,-1,305,326,327,-1,305,327,310,-1,310,327,328,-1,310,328,329,-1,330,331,332,-1,331,333,334,-1,334,333,335,-1,334,335,336,-1,336,335,337,-1,336,337,338,-1,338,337,339,-1,338,339,340,-1,340,339,341,-1,340,341,342,-1,342,341,343,-1,342,343,344,-1,345,346,347,-1,348,349,350,-1,351,352,353,-1,354,355,346,-1,346,355,356,-1,346,356,347,-1,347,356,357,-1,347,357,358,-1,351,353,346,-1,346,353,359,-1,346,359,354,-1,350,349,360,-1,361,362,363,-1,364,365,366,-1,358,367,347,-1,347,367,368,-1,347,368,366,-1,366,368,369,-1,366,369,364,-1,365,370,366,-1,366,370,371,-1,366,371,372,-1,371,373,372,-1,372,373,374,-1,372,374,363,-1,375,376,377,-1,377,376,378,-1,377,378,379,-1,377,380,349,-1,349,380,381,-1,349,381,360,-1,379,382,377,-1,377,382,383,-1,377,383,380,-1,384,385,386,-1,386,385,387,-1,386,387,388,-1,386,389,384,-1,384,389,390,-1,384,390,391,-1,391,392,384,-1,384,392,393,-1,384,393,394,-1,394,393,395,-1,394,395,396,-1,396,395,397,-1,396,397,363,-1,363,397,398,-1,363,398,361,-1,399,400,388,-1,388,400,401,-1,388,401,386,-1,402,403,352,-1,352,403,404,-1,352,404,353,-1,402,405,403,-1,403,405,406,-1,403,406,407,-1,407,406,408,-1,407,409,410,-1,408,411,407,-1,407,411,412,-1,407,412,413,-1,413,414,407,-1,407,414,415,-1,407,415,409,-1,410,416,407,-1,407,416,417,-1,407,417,418,-1,419,420,421,-1,422,423,424,-1,425,426,420,-1,420,426,427,-1,420,427,421,-1,428,429,430,-1,430,429,431,-1,430,431,424,-1,424,431,432,-1,424,432,433,-1,434,435,372,-1,421,429,419,-1,419,429,428,-1,419,428,436,-1,436,428,437,-1,362,438,363,-1,363,438,375,-1,363,375,372,-1,372,375,377,-1,372,377,434,-1,433,439,424,-1,424,439,440,-1,424,440,422,-1,422,440,441,-1,442,443,444,-1,441,445,422,-1,422,445,446,-1,422,446,377,-1,377,446,447,-1,377,447,434,-1,428,372,437,-1,437,372,435,-1,437,435,442,-1,442,435,448,-1,442,448,449,-1,449,450,442,-1,442,450,451,-1,442,451,443,-1,444,452,442,-1,442,452,453,-1,442,453,454,-1,190,455,189,-1,189,455,8,-1,189,8,456,-1,456,8,7,-1,456,457,189,-1,189,457,458,-1,189,458,423,-1,423,458,459,-1,423,459,424,-1,460,461,462,-1,462,461,463,-1,462,463,464,-1,464,463,457,-1,464,457,465,-1,465,457,456,-1,465,456,466,-1,456,467,466,-1,466,467,468,-1,466,468,469,-1,455,197,8,-1,8,197,199,-1,8,199,6,-1,6,199,470,-1,6,470,471,-1,471,470,472,-1,472,470,473,-1,472,473,430,-1,347,474,475,-1,348,476,477,-1,477,476,478,-1,479,480,481,-1,482,483,484,-1,350,345,348,-1,348,345,347,-1,348,347,476,-1,476,347,475,-1,485,486,479,-1,479,486,487,-1,479,487,488,-1,488,487,484,-1,488,484,489,-1,489,484,483,-1,490,347,491,-1,491,347,481,-1,491,481,492,-1,492,481,480,-1,490,493,347,-1,347,493,494,-1,347,494,495,-1,495,496,347,-1,347,496,497,-1,347,497,474,-1,498,499,477,-1,477,499,500,-1,477,500,501,-1,502,503,484,-1,484,503,504,-1,484,504,505,-1,501,506,477,-1,477,506,507,-1,477,507,481,-1,481,507,508,-1,481,508,479,-1,479,508,509,-1,479,509,485,-1,478,510,511,-1,512,513,477,-1,477,513,514,-1,477,514,498,-1,505,515,484,-1,484,515,516,-1,484,516,482,-1,511,517,478,-1,478,517,518,-1,478,518,477,-1,477,518,519,-1,477,519,512,-1,520,521,184,-1,184,521,183,-1,184,183,191,-1,191,183,182,-1,522,523,341,-1,341,523,343,-1,343,523,524,-1,343,524,525,-1,526,527,525,-1,525,527,520,-1,525,520,343,-1,343,520,184,-1,430,473,428,-1,428,473,528,-1,428,528,372,-1,372,528,529,-1,372,529,366,-1,366,529,5,-1,366,5,347,-1,347,5,4,-1,347,4,481,-1,3,5,319,-1,319,5,529,-1,319,529,530,-1,530,529,528,-1,530,528,531,-1,531,528,473,-1,531,473,532,-1,532,473,470,-1,532,470,230,-1,230,470,199,-1,230,199,232,-1,232,199,201,-1,232,201,241,-1,533,534,535,-1,535,534,30,-1,535,30,536,-1,536,30,23,-1,536,23,329,-1,329,23,0,-1,329,0,310,-1,310,0,2,-1,219,477,212,-1,212,477,481,-1,212,481,213,-1,213,481,4,-1,213,4,2,-1,2,4,3,-1,2,3,310,-1,310,3,315,-1,310,315,308,-1,308,315,318,-1,226,228,230,-1,230,228,266,-1,230,266,532,-1,532,266,262,-1,532,262,531,-1,531,262,261,-1,531,261,530,-1,530,261,11,-1,530,11,319,-1,319,11,10,-1,319,10,320,-1,537,538,228,-1,539,540,541,-1,541,540,542,-1,538,543,228,-1,228,543,544,-1,228,544,545,-1,247,546,541,-1,541,546,547,-1,541,547,548,-1,545,549,228,-1,228,549,550,-1,228,550,266,-1,266,550,551,-1,266,551,247,-1,247,551,552,-1,247,552,546,-1,548,553,541,-1,541,553,554,-1,541,554,539,-1,224,223,229,-1,229,223,541,-1,229,541,228,-1,228,541,542,-1,228,542,537,-1,521,522,183,-1,183,522,341,-1,183,341,201,-1,201,341,339,-1,201,339,241,-1,241,339,337,-1,241,337,243,-1,243,337,335,-1,243,335,244,-1,244,335,333,-1,296,298,13,-1,13,298,555,-1,13,555,14,-1,14,555,534,-1,14,534,305,-1,305,534,533,-1,305,533,325,-1,331,330,333,-1,333,330,556,-1,333,556,244,-1,244,556,557,-1,244,557,223,-1,223,557,558,-1,223,558,541,-1,541,558,559,-1,541,559,247,-1,247,559,560,-1,247,560,245,-1,245,560,561,-1,245,561,263,-1,263,561,298,-1,263,298,269,-1,269,298,300,-1,269,300,270,-1,332,562,330,-1,330,562,563,-1,330,563,556,-1,556,563,564,-1,556,564,557,-1,557,564,565,-1,557,565,558,-1,558,565,566,-1,558,566,559,-1,559,566,567,-1,559,567,560,-1,560,567,568,-1,560,568,561,-1,561,568,569,-1,561,569,298,-1,298,569,570,-1,298,570,555,-1,555,570,571,-1,555,571,534,-1,534,571,34,-1,534,34,30,-1,30,34,36,-1,30,36,31,-1,572,573,574,-1,574,573,575,-1,576,577,578,-1,578,577,579,-1,580,581,582,-1,582,581,583,-1,584,585,586,-1,586,585,587,-1,586,587,588,-1,588,587,589,-1,588,589,590,-1,590,589,591,-1,592,593,594,-1,594,593,595,-1,594,595,596,-1,596,595,597,-1,596,597,598,-1,598,597,599,-1,582,583,600,-1,600,583,601,-1,590,591,602,-1,602,591,603,-1,602,603,604,-1,604,603,605,-1,604,605,584,-1,584,605,585,-1,598,599,606,-1,606,599,607,-1,606,607,608,-1,608,607,609,-1,608,609,592,-1,592,609,593,-1,610,344,343,-1,343,184,610,-1,610,184,189,-1,610,189,423,-1,423,422,610,-1,610,422,377,-1,610,377,349,-1,69,63,611,-1,349,348,610,-1,610,348,477,-1,610,477,611,-1,611,477,219,-1,611,219,69,-1,34,571,612,-1,612,571,570,-1,570,569,612,-1,612,569,568,-1,612,568,567,-1,567,566,612,-1,612,566,565,-1,612,565,564,-1,564,563,612,-1,612,563,562,-1,612,562,332,-1,32,34,613,-1,613,34,612,-1,613,612,614,-1,614,612,615,-1,614,615,616,-1,616,615,617,-1,616,617,618,-1,618,617,619,-1,618,619,620,-1,620,619,621,-1,620,621,622,-1,622,621,623,-1,622,623,624,-1,624,623,625,-1,624,625,626,-1,626,625,627,-1,626,627,628,-1,628,627,629,-1,628,629,630,-1,629,631,630,-1,630,631,572,-1,630,572,574,-1,618,620,632,-1,633,634,635,-1,574,636,637,-1,638,636,574,-1,635,634,574,-1,630,574,634,-1,639,640,641,-1,640,639,642,-1,642,639,643,-1,642,643,644,-1,644,643,645,-1,644,645,646,-1,646,645,647,-1,646,647,648,-1,648,647,649,-1,649,647,650,-1,649,650,651,-1,651,650,652,-1,652,650,653,-1,652,653,587,-1,654,638,574,-1,622,624,633,-1,633,624,626,-1,633,626,634,-1,634,626,628,-1,634,628,630,-1,655,637,656,-1,656,637,636,-1,656,636,657,-1,657,636,638,-1,657,638,658,-1,654,659,638,-1,638,659,660,-1,638,660,658,-1,658,660,661,-1,658,661,662,-1,632,655,663,-1,663,655,656,-1,663,656,664,-1,664,656,657,-1,664,657,665,-1,665,657,658,-1,665,658,666,-1,666,658,662,-1,614,616,667,-1,667,616,618,-1,618,632,667,-1,667,632,663,-1,667,663,668,-1,668,663,664,-1,668,664,669,-1,669,664,665,-1,669,665,670,-1,670,665,666,-1,670,666,671,-1,620,622,632,-1,632,622,633,-1,632,633,655,-1,655,633,635,-1,655,635,637,-1,637,635,574,-1,614,639,613,-1,613,639,641,-1,613,641,32,-1,662,672,666,-1,666,672,673,-1,666,673,671,-1,671,673,674,-1,671,674,675,-1,614,667,639,-1,639,667,668,-1,639,668,643,-1,643,668,669,-1,643,669,645,-1,645,669,670,-1,645,670,647,-1,647,670,671,-1,647,671,650,-1,650,671,675,-1,650,675,653,-1,676,677,678,-1,679,680,681,-1,572,682,683,-1,684,682,572,-1,681,680,572,-1,685,572,680,-1,686,687,688,-1,687,686,689,-1,689,686,690,-1,689,690,691,-1,691,690,692,-1,691,692,693,-1,693,692,694,-1,693,694,695,-1,695,694,696,-1,696,694,697,-1,696,697,698,-1,698,697,699,-1,699,697,612,-1,699,612,332,-1,631,684,572,-1,700,701,679,-1,679,701,702,-1,679,702,680,-1,680,702,703,-1,680,703,685,-1,704,683,705,-1,705,683,682,-1,705,682,706,-1,706,682,684,-1,706,684,707,-1,631,629,684,-1,684,629,627,-1,684,627,707,-1,707,627,625,-1,707,625,623,-1,678,704,708,-1,708,704,705,-1,708,705,709,-1,709,705,706,-1,709,706,710,-1,710,706,707,-1,710,707,711,-1,711,707,623,-1,712,713,714,-1,714,713,676,-1,676,678,714,-1,714,678,708,-1,714,708,715,-1,715,708,709,-1,715,709,716,-1,716,709,710,-1,716,710,717,-1,717,710,711,-1,717,711,718,-1,677,700,678,-1,678,700,679,-1,678,679,704,-1,704,679,681,-1,704,681,683,-1,683,681,572,-1,712,686,719,-1,719,686,688,-1,719,688,597,-1,623,621,711,-1,711,621,619,-1,711,619,718,-1,718,619,617,-1,718,617,615,-1,712,714,686,-1,686,714,715,-1,686,715,690,-1,690,715,716,-1,690,716,692,-1,692,716,717,-1,692,717,694,-1,694,717,718,-1,694,718,697,-1,697,718,615,-1,697,615,612,-1,589,587,720,-1,720,587,653,-1,720,653,721,-1,721,653,675,-1,721,675,722,-1,722,675,674,-1,722,674,723,-1,723,674,673,-1,723,673,724,-1,724,673,672,-1,724,672,725,-1,725,672,662,-1,725,662,726,-1,726,662,661,-1,726,661,727,-1,727,661,660,-1,727,660,728,-1,728,660,659,-1,728,659,729,-1,659,654,729,-1,729,654,574,-1,729,574,575,-1,63,54,730,-1,730,54,56,-1,730,56,49,-1,48,37,641,-1,641,37,20,-1,641,20,32,-1,49,48,730,-1,730,48,641,-1,730,641,731,-1,731,641,640,-1,731,640,732,-1,732,640,642,-1,732,642,733,-1,733,642,644,-1,733,644,734,-1,734,644,646,-1,734,646,735,-1,735,646,648,-1,735,648,736,-1,736,648,649,-1,736,649,737,-1,737,649,651,-1,737,651,738,-1,651,652,738,-1,738,652,587,-1,738,587,585,-1,342,344,739,-1,599,597,688,-1,699,739,698,-1,698,739,740,-1,698,740,696,-1,696,740,741,-1,696,741,695,-1,695,741,742,-1,695,742,693,-1,693,742,743,-1,693,743,691,-1,691,743,744,-1,691,744,689,-1,689,744,745,-1,689,745,687,-1,687,745,746,-1,687,746,688,-1,688,746,747,-1,688,747,599,-1,342,739,340,-1,699,332,331,-1,331,334,699,-1,699,334,336,-1,699,336,739,-1,739,336,338,-1,739,338,340,-1,597,595,719,-1,719,595,748,-1,719,748,712,-1,712,748,749,-1,712,749,713,-1,713,749,750,-1,713,750,676,-1,676,750,751,-1,676,751,677,-1,677,751,752,-1,677,752,700,-1,700,752,753,-1,700,753,701,-1,701,753,754,-1,701,754,702,-1,702,754,755,-1,702,755,703,-1,703,755,756,-1,703,756,685,-1,756,757,685,-1,685,757,573,-1,685,573,572,-1,581,580,758,-1,758,580,759,-1,758,759,760,-1,760,759,761,-1,760,761,762,-1,762,761,763,-1,762,763,764,-1,764,763,765,-1,764,765,766,-1,766,765,767,-1,766,767,768,-1,768,767,769,-1,768,769,770,-1,770,769,771,-1,770,771,772,-1,772,771,773,-1,772,773,774,-1,774,773,775,-1,774,775,776,-1,775,777,776,-1,776,777,575,-1,776,575,573,-1,723,724,778,-1,779,780,781,-1,575,782,783,-1,784,782,575,-1,781,780,575,-1,729,575,780,-1,785,786,787,-1,786,785,788,-1,788,785,789,-1,788,789,790,-1,790,789,791,-1,790,791,792,-1,792,791,793,-1,792,793,794,-1,794,793,795,-1,795,793,796,-1,795,796,797,-1,797,796,798,-1,798,796,759,-1,798,759,580,-1,777,784,575,-1,725,726,779,-1,779,726,727,-1,779,727,780,-1,780,727,728,-1,780,728,729,-1,799,783,800,-1,800,783,782,-1,800,782,801,-1,801,782,784,-1,801,784,802,-1,777,775,784,-1,784,775,773,-1,784,773,802,-1,802,773,771,-1,802,771,769,-1,778,799,803,-1,803,799,800,-1,803,800,804,-1,804,800,801,-1,804,801,805,-1,805,801,802,-1,805,802,806,-1,806,802,769,-1,721,722,807,-1,807,722,723,-1,723,778,807,-1,807,778,803,-1,807,803,808,-1,808,803,804,-1,808,804,809,-1,809,804,805,-1,809,805,810,-1,810,805,806,-1,810,806,811,-1,724,725,778,-1,778,725,779,-1,778,779,799,-1,799,779,781,-1,799,781,783,-1,783,781,575,-1,721,785,720,-1,720,785,787,-1,720,787,589,-1,769,767,806,-1,806,767,765,-1,806,765,811,-1,811,765,763,-1,811,763,761,-1,721,807,785,-1,785,807,808,-1,785,808,789,-1,789,808,809,-1,789,809,791,-1,791,809,810,-1,791,810,793,-1,793,810,811,-1,793,811,796,-1,796,811,761,-1,796,761,759,-1,585,605,812,-1,585,812,738,-1,738,812,813,-1,738,813,737,-1,737,813,814,-1,737,814,736,-1,736,814,815,-1,736,815,735,-1,735,815,816,-1,735,816,734,-1,734,816,817,-1,734,817,733,-1,733,817,818,-1,733,818,732,-1,732,818,819,-1,732,819,731,-1,731,819,820,-1,731,820,730,-1,730,820,821,-1,730,821,63,-1,63,821,822,-1,63,822,611,-1,610,611,823,-1,823,611,824,-1,823,824,825,-1,825,824,826,-1,825,826,827,-1,827,826,828,-1,827,828,829,-1,829,828,830,-1,829,830,831,-1,831,830,832,-1,831,832,833,-1,833,832,834,-1,833,834,835,-1,835,834,836,-1,835,836,837,-1,837,836,838,-1,837,838,839,-1,839,838,840,-1,839,840,841,-1,840,842,841,-1,841,842,579,-1,841,579,577,-1,610,843,344,-1,344,843,739,-1,739,843,740,-1,740,843,844,-1,740,844,741,-1,741,844,845,-1,741,845,742,-1,742,845,846,-1,742,846,743,-1,743,846,847,-1,743,847,744,-1,744,847,848,-1,744,848,745,-1,745,848,849,-1,745,849,746,-1,746,849,850,-1,746,850,747,-1,850,851,747,-1,747,851,607,-1,747,607,599,-1,764,766,852,-1,853,854,855,-1,573,856,857,-1,858,856,573,-1,855,854,573,-1,776,573,854,-1,859,860,861,-1,860,859,862,-1,862,859,863,-1,862,863,864,-1,864,863,865,-1,864,865,866,-1,866,865,867,-1,866,867,868,-1,868,867,869,-1,869,867,870,-1,869,870,871,-1,871,870,872,-1,872,870,748,-1,872,748,595,-1,757,858,573,-1,768,770,853,-1,853,770,772,-1,853,772,854,-1,854,772,774,-1,854,774,776,-1,873,857,874,-1,874,857,856,-1,874,856,875,-1,875,856,858,-1,875,858,876,-1,757,756,858,-1,858,756,755,-1,858,755,876,-1,876,755,754,-1,876,754,753,-1,852,873,877,-1,877,873,874,-1,877,874,878,-1,878,874,875,-1,878,875,879,-1,879,875,876,-1,879,876,880,-1,880,876,753,-1,760,762,881,-1,881,762,764,-1,764,852,881,-1,881,852,877,-1,881,877,882,-1,882,877,878,-1,882,878,883,-1,883,878,879,-1,883,879,884,-1,884,879,880,-1,884,880,885,-1,766,768,852,-1,852,768,853,-1,852,853,873,-1,873,853,855,-1,873,855,857,-1,857,855,573,-1,760,859,758,-1,758,859,861,-1,758,861,581,-1,753,752,880,-1,880,752,751,-1,880,751,885,-1,885,751,750,-1,885,750,749,-1,760,881,859,-1,859,881,882,-1,859,882,863,-1,863,882,883,-1,863,883,865,-1,865,883,884,-1,865,884,867,-1,867,884,885,-1,867,885,870,-1,870,885,749,-1,870,749,748,-1,589,787,591,-1,591,787,886,-1,886,787,887,-1,887,787,786,-1,887,786,888,-1,888,786,788,-1,888,788,889,-1,889,788,790,-1,889,790,890,-1,890,790,792,-1,890,792,891,-1,891,792,794,-1,891,794,892,-1,892,794,795,-1,892,795,893,-1,893,795,797,-1,893,797,894,-1,797,798,894,-1,894,798,580,-1,894,580,582,-1,895,896,897,-1,898,899,900,-1,901,902,903,-1,579,904,905,-1,906,904,579,-1,903,902,579,-1,907,579,902,-1,812,908,813,-1,813,908,909,-1,813,909,814,-1,814,909,815,-1,815,909,910,-1,815,910,816,-1,816,910,817,-1,817,910,911,-1,817,911,818,-1,818,911,819,-1,819,911,912,-1,819,912,820,-1,820,912,821,-1,821,912,913,-1,821,913,822,-1,822,913,824,-1,822,824,611,-1,842,906,579,-1,914,915,901,-1,901,915,916,-1,901,916,902,-1,902,916,917,-1,902,917,907,-1,918,905,919,-1,919,905,904,-1,919,904,920,-1,920,904,906,-1,920,906,921,-1,899,914,900,-1,900,914,901,-1,900,901,922,-1,922,901,903,-1,922,903,923,-1,923,903,579,-1,842,840,906,-1,906,840,838,-1,906,838,921,-1,921,838,836,-1,921,836,834,-1,924,918,925,-1,925,918,919,-1,925,919,926,-1,926,919,920,-1,926,920,927,-1,927,920,921,-1,927,921,928,-1,928,921,834,-1,897,924,929,-1,929,924,925,-1,929,925,930,-1,930,925,926,-1,930,926,931,-1,931,926,927,-1,931,927,932,-1,932,927,928,-1,932,928,933,-1,896,898,897,-1,897,898,900,-1,897,900,924,-1,924,900,922,-1,924,922,918,-1,918,922,923,-1,918,923,905,-1,905,923,579,-1,812,605,908,-1,908,605,934,-1,908,934,895,-1,834,832,928,-1,928,832,830,-1,928,830,933,-1,933,830,828,-1,933,828,826,-1,895,897,908,-1,908,897,929,-1,908,929,909,-1,909,929,930,-1,909,930,910,-1,910,930,931,-1,910,931,911,-1,911,931,932,-1,911,932,912,-1,912,932,933,-1,912,933,913,-1,913,933,826,-1,913,826,824,-1,829,831,935,-1,936,937,938,-1,577,939,940,-1,941,939,577,-1,938,937,577,-1,841,577,937,-1,942,844,843,-1,844,942,845,-1,845,942,943,-1,845,943,846,-1,846,943,944,-1,846,944,847,-1,847,944,945,-1,847,945,848,-1,848,945,849,-1,849,945,946,-1,849,946,850,-1,850,946,851,-1,851,946,947,-1,851,947,607,-1,948,941,577,-1,833,835,936,-1,936,835,837,-1,936,837,937,-1,937,837,839,-1,937,839,841,-1,949,940,950,-1,950,940,939,-1,950,939,951,-1,951,939,941,-1,951,941,952,-1,948,953,941,-1,941,953,954,-1,941,954,952,-1,952,954,955,-1,952,955,956,-1,935,949,957,-1,957,949,950,-1,957,950,958,-1,958,950,951,-1,958,951,959,-1,959,951,952,-1,959,952,960,-1,960,952,956,-1,825,827,961,-1,961,827,829,-1,829,935,961,-1,961,935,957,-1,961,957,962,-1,962,957,958,-1,962,958,963,-1,963,958,959,-1,963,959,964,-1,964,959,960,-1,964,960,965,-1,831,833,935,-1,935,833,936,-1,935,936,949,-1,949,936,938,-1,949,938,940,-1,940,938,577,-1,825,942,823,-1,823,942,843,-1,823,843,610,-1,956,966,960,-1,960,966,967,-1,960,967,965,-1,965,967,968,-1,965,968,969,-1,825,961,942,-1,942,961,962,-1,942,962,943,-1,943,962,963,-1,943,963,944,-1,944,963,964,-1,944,964,945,-1,945,964,965,-1,945,965,946,-1,946,965,969,-1,946,969,947,-1,581,861,583,-1,583,861,970,-1,970,861,971,-1,971,861,860,-1,971,860,972,-1,972,860,862,-1,972,862,973,-1,973,862,864,-1,973,864,974,-1,974,864,866,-1,974,866,975,-1,975,866,868,-1,975,868,976,-1,976,868,869,-1,976,869,977,-1,977,869,871,-1,977,871,978,-1,871,872,978,-1,978,872,595,-1,978,595,593,-1,582,600,979,-1,582,979,894,-1,894,979,980,-1,894,980,893,-1,893,980,981,-1,893,981,892,-1,892,981,982,-1,892,982,891,-1,891,982,983,-1,891,983,890,-1,890,983,984,-1,890,984,889,-1,889,984,985,-1,889,985,888,-1,888,985,986,-1,888,986,887,-1,887,986,987,-1,887,987,886,-1,886,987,988,-1,886,988,591,-1,591,988,989,-1,591,989,603,-1,605,603,934,-1,934,603,990,-1,934,990,895,-1,895,990,991,-1,895,991,896,-1,896,991,992,-1,896,992,898,-1,898,992,993,-1,898,993,899,-1,899,993,994,-1,899,994,914,-1,914,994,995,-1,914,995,915,-1,915,995,996,-1,915,996,916,-1,916,996,997,-1,916,997,917,-1,917,997,998,-1,917,998,907,-1,998,999,907,-1,907,999,578,-1,907,578,579,-1,609,607,1000,-1,1000,607,947,-1,1000,947,1001,-1,1001,947,969,-1,1001,969,1002,-1,1002,969,968,-1,1002,968,1003,-1,1003,968,967,-1,1003,967,1004,-1,1004,967,966,-1,1004,966,1005,-1,1005,966,956,-1,1005,956,1006,-1,1006,956,955,-1,1006,955,1007,-1,1007,955,954,-1,1007,954,1008,-1,1008,954,953,-1,1008,953,1009,-1,953,948,1009,-1,1009,948,577,-1,1009,577,576,-1,609,1010,593,-1,593,1010,978,-1,978,1010,977,-1,977,1010,1011,-1,977,1011,976,-1,976,1011,1012,-1,976,1012,975,-1,975,1012,1013,-1,975,1013,974,-1,974,1013,1014,-1,974,1014,973,-1,973,1014,1015,-1,973,1015,972,-1,972,1015,1016,-1,972,1016,971,-1,971,1016,1017,-1,971,1017,970,-1,1017,1018,970,-1,970,1018,601,-1,970,601,583,-1,1019,1020,1021,-1,1022,1023,1024,-1,1025,1026,1027,-1,578,1028,1029,-1,1030,1028,578,-1,1027,1026,578,-1,1031,578,1026,-1,979,1032,980,-1,980,1032,1033,-1,980,1033,981,-1,981,1033,982,-1,982,1033,1034,-1,982,1034,983,-1,983,1034,984,-1,984,1034,1035,-1,984,1035,985,-1,985,1035,986,-1,986,1035,1036,-1,986,1036,987,-1,987,1036,988,-1,988,1036,1037,-1,988,1037,989,-1,989,1037,990,-1,989,990,603,-1,999,1030,578,-1,1038,1039,1025,-1,1025,1039,1040,-1,1025,1040,1026,-1,1026,1040,1041,-1,1026,1041,1031,-1,1042,1029,1043,-1,1043,1029,1028,-1,1043,1028,1044,-1,1044,1028,1030,-1,1044,1030,1045,-1,1023,1038,1024,-1,1024,1038,1025,-1,1024,1025,1046,-1,1046,1025,1027,-1,1046,1027,1047,-1,1047,1027,578,-1,999,998,1030,-1,1030,998,997,-1,1030,997,1045,-1,1045,997,996,-1,1045,996,995,-1,1048,1042,1049,-1,1049,1042,1043,-1,1049,1043,1050,-1,1050,1043,1044,-1,1050,1044,1051,-1,1051,1044,1045,-1,1051,1045,1052,-1,1052,1045,995,-1,1021,1048,1053,-1,1053,1048,1049,-1,1053,1049,1054,-1,1054,1049,1050,-1,1054,1050,1055,-1,1055,1050,1051,-1,1055,1051,1056,-1,1056,1051,1052,-1,1056,1052,1057,-1,1020,1022,1021,-1,1021,1022,1024,-1,1021,1024,1048,-1,1048,1024,1046,-1,1048,1046,1042,-1,1042,1046,1047,-1,1042,1047,1029,-1,1029,1047,578,-1,979,600,1032,-1,1032,600,1058,-1,1032,1058,1019,-1,995,994,1052,-1,1052,994,993,-1,1052,993,1057,-1,1057,993,992,-1,1057,992,991,-1,1019,1021,1032,-1,1032,1021,1053,-1,1032,1053,1033,-1,1033,1053,1054,-1,1033,1054,1034,-1,1034,1054,1055,-1,1034,1055,1035,-1,1035,1055,1056,-1,1035,1056,1036,-1,1036,1056,1057,-1,1036,1057,1037,-1,1037,1057,991,-1,1037,991,990,-1,1003,1004,1059,-1,1060,1061,1062,-1,576,1063,1064,-1,1065,1063,576,-1,1062,1061,576,-1,1009,576,1061,-1,1066,1011,1010,-1,1011,1066,1012,-1,1012,1066,1067,-1,1012,1067,1013,-1,1013,1067,1068,-1,1013,1068,1014,-1,1014,1068,1069,-1,1014,1069,1015,-1,1015,1069,1016,-1,1016,1069,1070,-1,1016,1070,1017,-1,1017,1070,1018,-1,1018,1070,1071,-1,1018,1071,601,-1,1072,1065,576,-1,1005,1006,1060,-1,1060,1006,1007,-1,1060,1007,1061,-1,1061,1007,1008,-1,1061,1008,1009,-1,1073,1064,1074,-1,1074,1064,1063,-1,1074,1063,1075,-1,1075,1063,1065,-1,1075,1065,1076,-1,1072,1077,1065,-1,1065,1077,1078,-1,1065,1078,1076,-1,1076,1078,1079,-1,1076,1079,1080,-1,1059,1073,1081,-1,1081,1073,1074,-1,1081,1074,1082,-1,1082,1074,1075,-1,1082,1075,1083,-1,1083,1075,1076,-1,1083,1076,1084,-1,1084,1076,1080,-1,1001,1002,1085,-1,1085,1002,1003,-1,1003,1059,1085,-1,1085,1059,1081,-1,1085,1081,1086,-1,1086,1081,1082,-1,1086,1082,1087,-1,1087,1082,1083,-1,1087,1083,1088,-1,1088,1083,1084,-1,1088,1084,1089,-1,1004,1005,1059,-1,1059,1005,1060,-1,1059,1060,1073,-1,1073,1060,1062,-1,1073,1062,1064,-1,1064,1062,576,-1,1001,1066,1000,-1,1000,1066,1010,-1,1000,1010,609,-1,1080,1090,1084,-1,1084,1090,1091,-1,1084,1091,1089,-1,1089,1091,1092,-1,1089,1092,1093,-1,1001,1085,1066,-1,1066,1085,1086,-1,1066,1086,1067,-1,1067,1086,1087,-1,1067,1087,1068,-1,1068,1087,1088,-1,1068,1088,1069,-1,1069,1088,1089,-1,1069,1089,1070,-1,1070,1089,1093,-1,1070,1093,1071,-1,600,601,1058,-1,1058,601,1071,-1,1058,1071,1019,-1,1019,1071,1093,-1,1019,1093,1020,-1,1020,1093,1092,-1,1020,1092,1022,-1,1022,1092,1091,-1,1022,1091,1023,-1,1023,1091,1090,-1,1023,1090,1038,-1,1038,1090,1080,-1,1038,1080,1039,-1,1039,1080,1079,-1,1039,1079,1040,-1,1040,1079,1078,-1,1040,1078,1041,-1,1041,1078,1077,-1,1041,1077,1031,-1,1077,1072,1031,-1,1031,1072,576,-1,1031,576,578,-1,
        ]
    }
}
Shape{
    appearance Appearance {
        material  Material 	{
            diffuseColor 0.8509803921568627 0.8509803921568627 0.8509803921568627
            specularColor 0.4235294117647059 0.4235294117647059 0.4235294117647059
            ambientIntensity 0.851
            transparency 0.0
            shininess 0.5
        }
    }
    geometry IndexedFaceSet {
        ccw TRUE
        solid FALSE
        coord DEF co Coordinate {
            point [
                -0.3433 0.0591 0.1969, -0.3433 -0.0591 0.1969, -0.3478 0.0591 0.1963, -0.3478 -0.0591 0.1963, -0.3521 0.0591 0.1948, -0.3521 -0.0591 0.1948, -0.356 0.0591 0.1922, -0.356 -0.0591 0.1922, -0.3591 0.0591 0.1889, -0.3591 -0.0591 0.1889, -0.3614 0.0591 0.185, -0.3614 -0.0591 0.185, -0.3627 0.0591 0.1806, -0.3627 -0.0591 0.1806, -0.3859 0.0591 0.0488, -0.3859 -0.0591 0.0488, -0.3899 -0.0591 0.0357, -0.3899 0.0591 0.0357, -0.3967 -0.0591 0.0238, -0.3967 0.0591 0.0238, -0.4061 -0.0591 0.0138, -0.4061 0.0591 0.0138, -0.4176 -0.0591 0.0063, -0.4176 0.0591 0.0063, -0.4305 -0.0591 0.0016, -0.4305 0.0591 0.0016, -0.4441 -0.0591 0.0, -0.4441 0.0591 0.0, -0.4921 0.0591 0.0, -0.4921 -0.0591 0.0, -0.4921 0.0591 0.0394, -0.4921 -0.0591 0.0394, -0.4441 0.0591 0.0394, -0.4441 -0.0591 0.0394, -0.4396 0.0591 0.0399, -0.4396 -0.0591 0.0399, -0.4353 0.0591 0.0415, -0.4353 -0.0591 0.0415, -0.4314 0.0591 0.044, -0.4314 -0.0591 0.044, -0.4283 0.0591 0.0473, -0.4283 -0.0591 0.0473, -0.426 0.0591 0.0513, -0.426 -0.0591 0.0513, -0.4247 0.0591 0.0556, -0.4247 -0.0591 0.0556, -0.4015 0.0591 0.1874, -0.4015 -0.0591 0.1874, -0.3975 -0.0591 0.2006, -0.3975 0.0591 0.2006, -0.3907 -0.0591 0.2124, -0.3907 0.0591 0.2124, -0.3813 -0.0591 0.2224, -0.3813 0.0591 0.2224, -0.3698 -0.0591 0.2299, -0.3698 0.0591 0.2299, -0.3569 -0.0591 0.2346, -0.3569 0.0591 0.2346, -0.3433 -0.0591 0.2362, -0.3433 0.0591 0.2362, -0.3319 -0.0591 0.1969, -0.3346 -0.0591 0.2165, -0.3319 -0.0591 0.2362, -0.3346 0.0591 0.2165, -0.3319 0.0591 0.2362, -0.3319 0.0591 0.1969, 0.3433 -0.0591 0.2362, 0.3433 0.0591 0.2362, 0.3319 -0.0591 0.2362, 0.3319 0.0591 0.2362, 0.3319 0.0591 0.1969, 0.3433 0.0591 0.1969, 0.3319 -0.0591 0.1969, 0.3433 -0.0591 0.1969, 0.3346 0.0591 0.2165, 0.3569 0.0591 0.2346, 0.3698 0.0591 0.2299, 0.3813 0.0591 0.2224, 0.3907 0.0591 0.2124, 0.3478 0.0591 0.1963, 0.3521 0.0591 0.1948, 0.356 0.0591 0.1922, 0.4921 0.0591 0.0394, 0.4921 0.0591 0.0, 0.4441 0.0591 0.0394, 0.4441 0.0591 0.0, 0.4396 0.0591 0.0399, 0.4305 0.0591 0.0016, 0.4353 0.0591 0.0415, 0.4176 0.0591 0.0063, 0.4314 0.0591 0.044, 0.4061 0.0591 0.0138, 0.4283 0.0591 0.0473, 0.3967 0.0591 0.0238, 0.426 0.0591 0.0513, 0.3899 0.0591 0.0357, 0.4247 0.0591 0.0556, 0.3859 0.0591 0.0488, 0.4015 0.0591 0.1874, 0.3627 0.0591 0.1806, 0.3975 0.0591 0.2006, 0.3614 0.0591 0.185, 0.3591 0.0591 0.1889, 0.3698 -0.0591 0.2299, 0.3346 -0.0591 0.2165, 0.3813 -0.0591 0.2224, 0.3907 -0.0591 0.2124, 0.3569 -0.0591 0.2346, 0.3478 -0.0591 0.1963, 0.3521 -0.0591 0.1948, 0.356 -0.0591 0.1922, 0.3591 -0.0591 0.1889, 0.3975 -0.0591 0.2006, 0.3614 -0.0591 0.185, 0.4015 -0.0591 0.1874, 0.3627 -0.0591 0.1806, 0.4247 -0.0591 0.0556, 0.3859 -0.0591 0.0488, 0.426 -0.0591 0.0513, 0.3899 -0.0591 0.0357, 0.4283 -0.0591 0.0473, 0.3967 -0.0591 0.0238, 0.4314 -0.0591 0.044, 0.4061 -0.0591 0.0138, 0.4353 -0.0591 0.0415, 0.4176 -0.0591 0.0063, 0.4396 -0.0591 0.0399, 0.4305 -0.0591 0.0016, 0.4441 -0.0591 0.0394, 0.4441 -0.0591 0.0, 0.4921 -0.0591 0.0394, 0.4921 -0.0591 0.0
            ]
        }
        coordIndex [
            0,1,2,-1,2,1,3,-1,2,3,4,-1,4,3,5,-1,4,5,6,-1,6,5,7,-1,6,7,8,-1,8,7,9,-1,8,9,10,-1,10,9,11,-1,10,11,12,-1,12,11,13,-1,14,12,15,-1,15,12,13,-1,14,15,16,-1,14,16,17,-1,17,16,18,-1,17,18,19,-1,19,18,20,-1,19,20,21,-1,21,20,22,-1,21,22,23,-1,23,22,24,-1,23,24,25,-1,25,24,26,-1,25,26,27,-1,28,27,29,-1,29,27,26,-1,30,28,31,-1,31,28,29,-1,32,30,33,-1,33,30,31,-1,32,33,34,-1,34,33,35,-1,34,35,36,-1,36,35,37,-1,36,37,38,-1,38,37,39,-1,38,39,40,-1,40,39,41,-1,40,41,42,-1,42,41,43,-1,42,43,44,-1,44,43,45,-1,46,44,47,-1,47,44,45,-1,46,47,48,-1,46,48,49,-1,49,48,50,-1,49,50,51,-1,51,50,52,-1,51,52,53,-1,53,52,54,-1,53,54,55,-1,55,54,56,-1,55,56,57,-1,57,56,58,-1,57,58,59,-1,1,60,61,-1,7,5,50,-1,62,58,61,-1,61,58,56,-1,56,54,61,-1,61,54,52,-1,61,52,50,-1,50,5,61,-1,61,5,3,-1,61,3,1,-1,31,29,33,-1,33,29,26,-1,33,26,35,-1,35,26,24,-1,35,24,37,-1,37,24,22,-1,37,22,39,-1,39,22,20,-1,39,20,41,-1,41,20,18,-1,41,18,43,-1,43,18,16,-1,43,16,45,-1,45,16,15,-1,45,15,47,-1,47,15,13,-1,47,13,48,-1,48,13,11,-1,48,11,50,-1,50,11,9,-1,50,9,7,-1,51,53,63,-1,63,53,55,-1,55,57,63,-1,63,57,59,-1,63,59,64,-1,4,51,2,-1,2,51,63,-1,2,63,0,-1,0,63,65,-1,28,30,27,-1,27,30,32,-1,27,32,25,-1,25,32,34,-1,25,34,23,-1,23,34,36,-1,23,36,21,-1,21,36,38,-1,21,38,19,-1,19,38,40,-1,19,40,17,-1,17,40,42,-1,17,42,14,-1,14,42,44,-1,14,44,12,-1,12,44,46,-1,12,46,10,-1,10,46,49,-1,10,49,8,-1,8,49,51,-1,8,51,6,-1,6,51,4,-1,60,1,65,-1,65,1,0,-1,59,58,64,-1,64,58,62,-1,66,67,68,-1,68,67,69,-1,70,71,72,-1,72,71,73,-1,69,67,74,-1,74,67,75,-1,75,76,74,-1,74,76,77,-1,74,77,78,-1,70,74,71,-1,71,74,79,-1,79,74,80,-1,80,74,78,-1,80,78,81,-1,82,83,84,-1,84,83,85,-1,84,85,86,-1,86,85,87,-1,86,87,88,-1,88,87,89,-1,88,89,90,-1,90,89,91,-1,90,91,92,-1,92,91,93,-1,92,93,94,-1,94,93,95,-1,94,95,96,-1,96,95,97,-1,96,97,98,-1,98,97,99,-1,98,99,100,-1,100,99,101,-1,100,101,78,-1,78,101,102,-1,78,102,81,-1,103,104,105,-1,105,104,106,-1,103,107,104,-1,104,107,66,-1,104,66,68,-1,72,73,104,-1,104,73,108,-1,104,108,106,-1,106,108,109,-1,109,110,106,-1,106,110,111,-1,106,111,112,-1,112,111,113,-1,112,113,114,-1,114,113,115,-1,114,115,116,-1,116,115,117,-1,116,117,118,-1,118,117,119,-1,118,119,120,-1,120,119,121,-1,120,121,122,-1,122,121,123,-1,122,123,124,-1,124,123,125,-1,124,125,126,-1,126,125,127,-1,126,127,128,-1,128,127,129,-1,128,129,130,-1,130,129,131,-1,82,84,130,-1,130,84,128,-1,83,82,131,-1,131,82,130,-1,85,83,129,-1,129,83,131,-1,85,129,127,-1,85,127,87,-1,87,127,125,-1,87,125,89,-1,89,125,123,-1,89,123,91,-1,91,123,121,-1,91,121,93,-1,93,121,119,-1,93,119,95,-1,95,119,117,-1,95,117,97,-1,99,97,115,-1,115,97,117,-1,99,115,101,-1,101,115,113,-1,101,113,102,-1,102,113,111,-1,102,111,81,-1,81,111,110,-1,81,110,80,-1,80,110,109,-1,80,109,79,-1,79,109,108,-1,79,108,71,-1,71,108,73,-1,67,66,107,-1,67,107,75,-1,75,107,103,-1,75,103,76,-1,76,103,105,-1,76,105,77,-1,77,105,106,-1,77,106,78,-1,78,106,112,-1,78,112,100,-1,100,112,114,-1,100,114,98,-1,96,98,116,-1,116,98,114,-1,96,116,94,-1,94,116,118,-1,94,118,92,-1,92,118,120,-1,92,120,90,-1,90,120,122,-1,90,122,88,-1,88,122,124,-1,88,124,86,-1,86,124,126,-1,86,126,84,-1,84,126,128,-1,
        ]
    }
}
Shape{
    appearance Appearance {
        material  Material 	{
            diffuseColor 1.0 1.0 1.0
            specularColor 0.5019607843137255 0.5019607843137255 0.5019607843137255
            ambientIntensity 1.0
            transparency 0.0
            shininess 0.5
        }
    }
    geometry IndexedFaceSet {
        ccw TRUE
        solid FALSE
        coord DEF co Coordinate {
            point [
                -0.013 0.2451 0.2938, -0.0129 0.2455 0.2911, -0.013 0.245 0.2938, -0.0129 0.2454 0.2911, -0.0034 0.2451 0.2939, -0.0034 0.245 0.2939, -0.0036 0.2421 0.3149, -0.0036 0.2421 0.3148, -0.0036 0.2421 0.3149, -0.0005 0.2421 0.315, -0.0005 0.2421 0.3149, -0.0003 0.2454 0.2912, -0.0003 0.2455 0.2912, -0.0005 0.2421 0.3148, -0.0319 0.2453 0.2919, -0.0319 0.2453 0.2919, -0.0315 0.2454 0.2917, -0.0253 0.2455 0.2906, -0.0253 0.2455 0.2906, -0.026 0.2455 0.2907, -0.0289 0.2455 0.2909, -0.0289 0.2455 0.2909, -0.0309 0.2454 0.2915, -0.0315 0.2453 0.2917, -0.0319 0.2449 0.2949, -0.0319 0.2449 0.2949, -0.0309 0.245 0.2944, -0.0296 0.2451 0.2938, -0.0296 0.245 0.2938, -0.0269 0.2451 0.2934, -0.0269 0.2451 0.2934, -0.0257 0.2451 0.2933, -0.0257 0.2452 0.2933, -0.0233 0.2451 0.2936, -0.0233 0.2451 0.2936, -0.0216 0.245 0.2943, -0.0216 0.245 0.2943, -0.02 0.2448 0.2954, -0.02 0.2449 0.2954, -0.0196 0.2448 0.2959, -0.0196 0.2448 0.2959, -0.0184 0.2445 0.2975, -0.0184 0.2446 0.2975, -0.0177 0.2443 0.2994, -0.0177 0.2443 0.2994, -0.0173 0.2439 0.3018, -0.0173 0.244 0.3018, -0.0173 0.2438 0.3027, -0.0173 0.2438 0.3027, -0.0177 0.2433 0.306, -0.0177 0.2434 0.306, -0.0185 0.2431 0.308, -0.0185 0.2431 0.308, -0.0198 0.2428 0.3098, -0.0198 0.2428 0.3098, -0.0215 0.2426 0.3111, -0.0215 0.2427 0.3111, -0.0234 0.2425 0.312, -0.0234 0.2425 0.312, -0.0255 0.2424 0.3124, -0.0255 0.2425 0.3124, -0.0264 0.2424 0.3124, -0.0264 0.2425 0.3124, -0.0321 0.2426 0.3109, -0.0321 0.2427 0.3109, -0.0318 0.2427 0.3111, -0.0294 0.2425 0.312, -0.0294 0.2425 0.312, -0.0309 0.2426 0.3114, -0.0318 0.2426 0.3111, -0.0321 0.2422 0.3142, -0.0321 0.2422 0.3142, -0.0298 0.2421 0.3148, -0.0296 0.2421 0.3149, -0.0309 0.2421 0.3145, -0.0296 0.2421 0.3149, -0.0264 0.242 0.3152, -0.0264 0.2421 0.3152, -0.0264 0.242 0.3152, -0.0264 0.2421 0.3152, -0.0229 0.2421 0.3148, -0.0233 0.2421 0.3148, -0.0229 0.2421 0.3148, -0.0204 0.2422 0.3138, -0.0204 0.2423 0.3138, -0.0181 0.2425 0.3123, -0.0181 0.2425 0.3123, -0.0175 0.2425 0.3117, -0.0175 0.2426 0.3117, -0.0158 0.2428 0.3095, -0.0158 0.2429 0.3095, -0.0149 0.2431 0.3075, -0.0146 0.2433 0.3069, -0.0146 0.2432 0.3069, -0.0141 0.2436 0.3037, -0.0141 0.2437 0.3038, -0.014 0.2438 0.3025, -0.014 0.2439 0.3025, -0.017 0.245 0.2939, -0.017 0.2451 0.2939, -0.0154 0.2448 0.2961, -0.0145 0.2444 0.2986, -0.0145 0.2444 0.2986, -0.0149 0.2445 0.2974, -0.0154 0.2447 0.2961, -0.024 0.2455 0.2907, -0.0238 0.2455 0.2907, -0.0238 0.2455 0.2907, -0.0212 0.2454 0.2912, -0.0212 0.2454 0.2912, -0.019 0.2453 0.2923, -0.019 0.2453 0.2923, -0.0497 0.2451 0.2935, -0.0496 0.2455 0.2908, -0.0497 0.2451 0.2935, -0.0496 0.2455 0.2908, -0.0398 0.2451 0.2936, -0.0398 0.2451 0.2936, -0.0461 0.2451 0.2936, -0.0399 0.244 0.3016, -0.0399 0.244 0.3016, -0.0485 0.244 0.3015, -0.0485 0.244 0.3015, -0.0461 0.244 0.3016, -0.0485 0.2436 0.3043, -0.0485 0.2436 0.3043, -0.0399 0.2436 0.3043, -0.0399 0.2436 0.3043, -0.0461 0.2436 0.3043, -0.04 0.2425 0.3119, -0.04 0.2425 0.3119, -0.0492 0.2425 0.3119, -0.0492 0.2425 0.3119, -0.0461 0.2425 0.3119, -0.0493 0.2422 0.3146, -0.0493 0.2421 0.3146, -0.0369 0.2421 0.3147, -0.0369 0.2421 0.3147, -0.0461 0.2421 0.3146, -0.0367 0.2455 0.2909, -0.0367 0.2455 0.2909, -0.0461 0.2455 0.2908, -0.0701 0.2451 0.294, -0.0677 0.2448 0.2956, -0.0676 0.2453 0.2923, -0.0661 0.245 0.2946, -0.0649 0.2455 0.2912, -0.0641 0.2451 0.2938, -0.0608 0.2455 0.2907, -0.0608 0.2451 0.2935, -0.0542 0.2455 0.2908, -0.0573 0.2451 0.2935, -0.0543 0.2422 0.3146, -0.0574 0.2426 0.3118, -0.0612 0.2422 0.3145, -0.0611 0.2426 0.3118, -0.0649 0.2422 0.3141, -0.0641 0.2426 0.3114, -0.0678 0.2424 0.313, -0.0662 0.2427 0.3107, -0.0703 0.2426 0.3113, -0.068 0.2429 0.3095, -0.0711 0.2427 0.3105, -0.0686 0.243 0.3089, -0.0726 0.243 0.3084, -0.0696 0.2432 0.3075, -0.0734 0.2434 0.3061, -0.0702 0.2434 0.3058, -0.0738 0.2438 0.3028, -0.0706 0.2438 0.3028, -0.0737 0.244 0.3013, -0.0704 0.2441 0.3009, -0.0731 0.2444 0.2986, -0.0699 0.2444 0.2988, -0.0719 0.2448 0.2961, -0.069 0.2446 0.2971, -0.0679 0.2448 0.2959, -0.0608 0.2455 0.2907, -0.0542 0.2455 0.2908, -0.0649 0.2454 0.2912, -0.0676 0.2453 0.2922, -0.0701 0.245 0.294, -0.0719 0.2447 0.2961, -0.0731 0.2444 0.2986, -0.0737 0.244 0.3013, -0.0738 0.2438 0.3028, -0.0734 0.2433 0.3061, -0.0726 0.243 0.3084, -0.0711 0.2427 0.3105, -0.0703 0.2426 0.3113, -0.0678 0.2423 0.313, -0.0649 0.2422 0.3141, -0.0612 0.2421 0.3145, -0.0543 0.2421 0.3146, -0.0611 0.2425 0.3118, -0.0574 0.2425 0.3118, -0.0573 0.2451 0.2935, -0.0608 0.2451 0.2934, -0.0679 0.2448 0.2959, -0.0677 0.2448 0.2956, -0.0661 0.2449 0.2946, -0.0641 0.245 0.2938, -0.0706 0.2438 0.3028, -0.0704 0.244 0.3009, -0.0699 0.2443 0.2988, -0.069 0.2446 0.2971, -0.068 0.2428 0.3095, -0.0686 0.2429 0.3089, -0.0696 0.2431 0.3075, -0.0702 0.2434 0.3058, -0.0641 0.2426 0.3114, -0.0662 0.2427 0.3107
            ]
        }
        coordIndex [
            0,1,2,-1,2,1,3,-1,4,0,5,-1,5,0,2,-1,4,5,6,-1,6,5,7,-1,6,7,8,-1,9,6,10,-1,10,6,8,-1,11,12,13,-1,13,12,9,-1,13,9,10,-1,1,12,3,-1,3,12,11,-1,6,9,4,-1,4,9,12,-1,4,12,0,-1,0,12,1,-1,14,15,16,-1,17,18,19,-1,17,19,20,-1,19,21,20,-1,20,21,22,-1,20,22,16,-1,16,22,23,-1,16,23,14,-1,24,15,25,-1,25,15,14,-1,24,25,26,-1,24,26,27,-1,26,28,27,-1,27,28,29,-1,27,29,30,-1,30,29,31,-1,30,31,32,-1,32,31,33,-1,32,33,34,-1,34,33,35,-1,34,35,36,-1,36,35,37,-1,36,37,38,-1,38,37,39,-1,38,39,40,-1,40,39,41,-1,40,41,42,-1,42,41,43,-1,42,43,44,-1,44,43,45,-1,44,45,46,-1,46,45,47,-1,46,47,48,-1,48,47,49,-1,48,49,50,-1,50,49,51,-1,50,51,52,-1,52,51,53,-1,52,53,54,-1,54,53,55,-1,54,55,56,-1,56,55,57,-1,56,57,58,-1,58,57,59,-1,58,59,60,-1,60,59,61,-1,60,61,62,-1,63,64,65,-1,62,61,66,-1,62,66,67,-1,67,66,68,-1,67,68,65,-1,65,68,69,-1,65,69,63,-1,70,64,71,-1,71,64,63,-1,72,73,74,-1,74,73,70,-1,74,70,71,-1,72,75,73,-1,73,75,76,-1,73,76,77,-1,77,76,78,-1,77,78,79,-1,80,79,81,-1,81,79,78,-1,81,82,80,-1,80,82,83,-1,80,83,84,-1,84,83,85,-1,84,85,86,-1,86,85,87,-1,86,87,88,-1,88,87,89,-1,88,89,90,-1,90,89,91,-1,90,91,92,-1,91,93,92,-1,92,93,94,-1,92,94,95,-1,95,94,96,-1,95,96,97,-1,98,99,100,-1,97,96,101,-1,97,101,102,-1,102,101,103,-1,102,103,100,-1,100,103,104,-1,100,104,98,-1,18,17,105,-1,105,17,106,-1,105,106,107,-1,107,106,108,-1,107,108,109,-1,109,108,110,-1,109,110,111,-1,111,110,99,-1,111,99,98,-1,65,64,70,-1,56,86,54,-1,54,86,88,-1,54,88,52,-1,52,88,90,-1,52,90,50,-1,65,70,67,-1,67,70,73,-1,67,73,62,-1,62,73,77,-1,62,77,60,-1,60,77,79,-1,60,79,58,-1,58,79,80,-1,58,80,56,-1,56,80,84,-1,56,84,86,-1,97,48,95,-1,95,48,50,-1,95,50,92,-1,92,50,90,-1,15,24,16,-1,16,24,27,-1,16,27,20,-1,20,27,30,-1,20,30,17,-1,17,30,32,-1,17,32,106,-1,106,32,34,-1,106,34,108,-1,108,34,36,-1,108,36,110,-1,110,36,38,-1,110,38,99,-1,99,38,40,-1,99,40,100,-1,100,40,42,-1,100,42,102,-1,102,42,44,-1,102,44,97,-1,97,44,46,-1,97,46,48,-1,112,113,114,-1,114,113,115,-1,116,117,118,-1,118,117,112,-1,118,112,114,-1,119,117,120,-1,120,117,116,-1,121,122,123,-1,123,122,119,-1,123,119,120,-1,124,122,125,-1,125,122,121,-1,126,127,128,-1,128,127,124,-1,128,124,125,-1,129,127,130,-1,130,127,126,-1,131,132,133,-1,133,132,129,-1,133,129,130,-1,134,132,135,-1,135,132,131,-1,136,137,138,-1,138,137,134,-1,138,134,135,-1,139,137,140,-1,140,137,136,-1,115,113,141,-1,141,113,139,-1,141,139,140,-1,139,113,112,-1,112,117,139,-1,139,117,119,-1,139,119,137,-1,132,134,129,-1,129,134,137,-1,129,137,127,-1,127,137,119,-1,127,119,124,-1,124,119,122,-1,142,143,144,-1,144,143,145,-1,144,145,146,-1,146,145,147,-1,146,147,148,-1,148,147,149,-1,148,149,150,-1,150,149,151,-1,150,151,152,-1,152,151,153,-1,152,153,154,-1,154,153,155,-1,154,155,156,-1,156,155,157,-1,156,157,158,-1,158,157,159,-1,158,159,160,-1,160,159,161,-1,160,161,162,-1,162,161,163,-1,162,163,164,-1,164,163,165,-1,164,165,166,-1,166,165,167,-1,166,167,168,-1,168,167,169,-1,168,169,170,-1,170,169,171,-1,170,171,172,-1,172,171,173,-1,172,173,174,-1,174,173,175,-1,174,175,142,-1,142,175,176,-1,142,176,143,-1,148,150,177,-1,177,150,178,-1,148,177,179,-1,148,179,146,-1,146,179,180,-1,146,180,144,-1,144,180,181,-1,144,181,142,-1,142,181,182,-1,142,182,174,-1,174,182,183,-1,174,183,172,-1,172,183,184,-1,172,184,170,-1,170,184,185,-1,170,185,168,-1,168,185,186,-1,168,186,166,-1,166,186,187,-1,166,187,164,-1,164,187,188,-1,164,188,162,-1,162,188,189,-1,162,189,160,-1,160,189,190,-1,160,190,158,-1,158,190,191,-1,158,191,156,-1,156,191,192,-1,156,192,154,-1,152,154,193,-1,193,154,192,-1,150,152,178,-1,178,152,193,-1,155,153,194,-1,194,153,195,-1,153,151,195,-1,195,151,196,-1,151,149,196,-1,196,149,197,-1,176,198,199,-1,176,199,143,-1,143,199,200,-1,143,200,145,-1,145,200,201,-1,145,201,147,-1,147,201,197,-1,147,197,149,-1,169,202,203,-1,169,203,171,-1,171,203,204,-1,171,204,173,-1,173,204,205,-1,173,205,175,-1,175,205,198,-1,175,198,176,-1,161,206,207,-1,161,207,163,-1,163,207,208,-1,163,208,165,-1,165,208,209,-1,165,209,167,-1,167,209,202,-1,167,202,169,-1,155,194,210,-1,155,210,157,-1,157,210,211,-1,157,211,159,-1,159,211,206,-1,159,206,161,-1,
        ]
    }
}
Shape{
    appearance Appearance {
        material  Material 	{
            diffuseColor 0.2235294117647059 0.2235294117647059 0.2235294117647059
            specularColor 0.11372549019607843 0.11372549019607843 0.11372549019607843
            ambientIntensity 0.2235
            transparency 0.0
            shininess 0.5
        }
    }
    geometry IndexedFaceSet {
        ccw TRUE
        solid FALSE
        coord DEF co Coordinate {
            point [
                -0.0677 0.2448 0.2956, -0.0679 0.2448 0.2959, -0.0611 0.2425 0.3118, -0.0574 0.2425 0.3118, -0.0573 0.2451 0.2935, -0.0608 0.2451 0.2934, -0.0641 0.245 0.2938, -0.0661 0.2449 0.2946, -0.069 0.2446 0.2971, -0.0699 0.2443 0.2988, -0.0704 0.244 0.3009, -0.0706 0.2438 0.3028, -0.0702 0.2434 0.3058, -0.0696 0.2431 0.3075, -0.0686 0.2429 0.3089, -0.068 0.2428 0.3095, -0.0641 0.2426 0.3114, -0.0662 0.2427 0.3107
            ]
        }
        coordIndex [
            0,1,2,-1,3,4,2,-1,2,4,5,-1,5,6,2,-1,2,6,7,-1,2,7,0,-1,1,8,2,-1,2,8,9,-1,2,9,10,-1,10,11,2,-1,2,11,12,-1,2,12,13,-1,13,14,2,-1,2,14,15,-1,2,15,16,-1,16,15,17,-1,
        ]
    }
}
Shape{
    appearance Appearance {
        material  Material 	{
            diffuseColor 1.0 1.0 1.0
            specularColor 0.5019607843137255 0.5019607843137255 0.5019607843137255
            ambientIntensity 1.0
            transparency 0.0
            shininess 0.5
        }
    }
    geometry IndexedFaceSet {
        ccw TRUE
        solid FALSE
        coord DEF co Coordinate {
            point [
                -0.0819 0.2442 0.2998, -0.0855 0.2429 0.3096, -0.0844 0.2422 0.3144, -0.0751 0.2455 0.2906, -0.0785 0.2455 0.2906, -0.0808 0.2446 0.2971, -0.0857 0.2428 0.3104, -0.0859 0.2426 0.3113, -0.0877 0.2422 0.3143, -0.086 0.2426 0.3113, -0.0862 0.2428 0.3103, -0.0864 0.2429 0.3096, -0.0899 0.2443 0.2997, -0.0967 0.2456 0.2905, -0.0933 0.2455 0.2905, -0.0909 0.2446 0.297, -0.0877 0.2422 0.3143, -0.0966 0.2455 0.2907, -0.0967 0.2455 0.2905, -0.0844 0.2422 0.3144, -0.0751 0.2455 0.2907, -0.0751 0.2455 0.2906, -0.0817 0.2431 0.3076, -0.0785 0.2455 0.2906, -0.0808 0.2446 0.2971, -0.0785 0.2455 0.2907, -0.0909 0.2446 0.297, -0.0817 0.2446 0.2971, -0.0933 0.2455 0.2905, -0.0932 0.2455 0.2907, -0.0819 0.2442 0.2998, -0.0899 0.2442 0.2997, -0.0864 0.2428 0.3096, -0.086 0.2426 0.3113, -0.0862 0.2427 0.3103, -0.0859 0.2426 0.3113, -0.0855 0.2428 0.3096, -0.0857 0.2427 0.3104
            ]
        }
        coordIndex [
            0,1,2,-1,3,4,5,-1,1,6,2,-1,2,6,7,-1,2,7,8,-1,8,7,9,-1,8,9,10,-1,10,11,8,-1,8,11,12,-1,8,12,13,-1,14,13,15,-1,15,13,12,-1,15,12,5,-1,5,12,0,-1,5,0,3,-1,3,0,2,-1,16,8,17,-1,17,8,13,-1,17,13,18,-1,2,8,19,-1,19,8,16,-1,20,21,3,-1,20,3,22,-1,22,3,2,-1,22,2,19,-1,4,3,23,-1,23,3,21,-1,24,5,25,-1,25,5,4,-1,25,4,23,-1,26,15,27,-1,27,15,5,-1,27,5,24,-1,28,14,29,-1,29,14,15,-1,29,15,26,-1,13,14,18,-1,18,14,28,-1,0,12,30,-1,30,12,31,-1,12,11,31,-1,31,11,32,-1,9,33,34,-1,9,34,10,-1,10,34,32,-1,10,32,11,-1,9,7,33,-1,33,7,35,-1,1,36,37,-1,1,37,6,-1,6,37,35,-1,6,35,7,-1,1,0,36,-1,36,0,30,-1,
        ]
    }
}
Shape{
    appearance Appearance {
        material  Material 	{
            diffuseColor 0.2235294117647059 0.2235294117647059 0.2235294117647059
            specularColor 0.11372549019607843 0.11372549019607843 0.11372549019607843
            ambientIntensity 0.2235
            transparency 0.0
            shininess 0.5
        }
    }
    geometry IndexedFaceSet {
        ccw TRUE
        solid FALSE
        coord DEF co Coordinate {
            point [
                -0.086 0.2426 0.3113, -0.0859 0.2426 0.3113, -0.0862 0.2427 0.3103, -0.0857 0.2427 0.3104, -0.0864 0.2428 0.3096, -0.0855 0.2428 0.3096, -0.0899 0.2442 0.2997, -0.0819 0.2442 0.2998
            ]
        }
        coordIndex [
            0,1,2,-1,2,1,3,-1,2,3,4,-1,4,3,5,-1,4,5,6,-1,6,5,7,-1,
        ]
    }
}
Shape{
    appearance Appearance {
        material  Material 	{
            diffuseColor 1.0 1.0 1.0
            specularColor 0.5019607843137255 0.5019607843137255 0.5019607843137255
            ambientIntensity 1.0
            transparency 0.0
            shininess 0.5
        }
    }
    geometry IndexedFaceSet {
        ccw TRUE
        solid FALSE
        coord DEF co Coordinate {
            point [
                -0.0129 0.2504 0.2561, -0.0129 0.2508 0.2533, -0.0129 0.2504 0.256, -0.0129 0.2507 0.2533, -0.0031 0.2504 0.2561, -0.0031 0.2503 0.2561, -0.0032 0.2493 0.2641, -0.0032 0.2492 0.2641, -0.0118 0.2493 0.2641, -0.0118 0.2492 0.2641, -0.0118 0.2489 0.2668, -0.0118 0.2488 0.2668, -0.0032 0.2489 0.2668, -0.0032 0.2488 0.2668, -0.0033 0.2478 0.2745, -0.0033 0.2478 0.2745, -0.0125 0.2478 0.2744, -0.0125 0.2478 0.2744, -0.0125 0.2475 0.2765, -0.0126 0.2474 0.2771, -0.0126 0.2474 0.277, -0.0126 0.2474 0.2771, -0.0002 0.2474 0.2772, -0.0002 0.2474 0.2772, -0.0 0.2507 0.2534, -0.0 0.2508 0.2534, -0.0002 0.2475 0.2765, -0.0002 0.2474 0.277, -0.0266 0.2508 0.2532, -0.0296 0.2508 0.2532, -0.0266 0.2504 0.2559, -0.0297 0.2493 0.2642, -0.0265 0.2504 0.2559, -0.0249 0.2504 0.2563, -0.026 0.2505 0.2552, -0.0241 0.2504 0.2558, -0.0207 0.2497 0.2608, -0.0226 0.2497 0.2613, -0.0266 0.2496 0.2618, -0.0266 0.2498 0.2601, -0.0266 0.2498 0.2599, -0.0264 0.25 0.2586, -0.026 0.2502 0.2576, -0.0253 0.2503 0.2567, -0.0256 0.2484 0.2704, -0.0249 0.2487 0.2679, -0.0268 0.2484 0.27, -0.0255 0.2488 0.2675, -0.0201 0.2498 0.2605, -0.0267 0.2493 0.264, -0.0266 0.2491 0.2654, -0.0294 0.2489 0.2667, -0.0263 0.2489 0.2664, -0.0289 0.2487 0.2679, -0.0259 0.2488 0.267, -0.0283 0.2486 0.2689, -0.0278 0.2485 0.2694, -0.0176 0.2486 0.2691, -0.0176 0.249 0.2662, -0.0182 0.2485 0.2695, -0.0197 0.2488 0.2675, -0.0205 0.2484 0.2703, -0.0216 0.2487 0.2681, -0.0235 0.2483 0.2706, -0.0232 0.2487 0.2682, -0.0242 0.2487 0.2681, -0.0195 0.2503 0.2564, -0.0173 0.2506 0.2542, -0.0198 0.2504 0.2561, -0.0183 0.2507 0.2535, -0.0203 0.2504 0.2557, -0.0194 0.2508 0.2531, -0.021 0.2505 0.2554, -0.0212 0.2508 0.2529, -0.022 0.2505 0.2553, -0.0228 0.2508 0.253, -0.0232 0.2505 0.2554, -0.024 0.2508 0.2535, -0.0251 0.2507 0.2542, -0.0216 0.2494 0.2634, -0.0191 0.2495 0.2627, -0.0197 0.2498 0.2602, -0.0179 0.2495 0.2621, -0.0193 0.2499 0.2598, -0.017 0.2497 0.2613, -0.0191 0.2499 0.2592, -0.0164 0.2498 0.2603, -0.0189 0.25 0.2586, -0.016 0.2499 0.2592, -0.0189 0.2501 0.2581, -0.0158 0.2501 0.2579, -0.019 0.2502 0.2574, -0.016 0.2503 0.2564, -0.0192 0.2503 0.2569, -0.0164 0.2505 0.2554, -0.017 0.2506 0.2545, -0.0235 0.2483 0.2706, -0.0205 0.2484 0.2703, -0.0182 0.2485 0.2694, -0.0176 0.2485 0.2691, -0.0176 0.2489 0.2662, -0.0197 0.2487 0.2675, -0.0216 0.2487 0.2681, -0.0232 0.2486 0.2682, -0.0242 0.2487 0.2681, -0.0249 0.2487 0.2679, -0.0255 0.2487 0.2675, -0.0259 0.2488 0.267, -0.0263 0.2489 0.2664, -0.0266 0.249 0.2653, -0.0267 0.2492 0.264, -0.0216 0.2493 0.2634, -0.0191 0.2494 0.2627, -0.0179 0.2495 0.2621, -0.017 0.2496 0.2613, -0.0164 0.2498 0.2603, -0.016 0.2499 0.2592, -0.0158 0.2501 0.2579, -0.016 0.2503 0.2564, -0.0164 0.2504 0.2554, -0.017 0.2506 0.2545, -0.0173 0.2506 0.2542, -0.0183 0.2507 0.2535, -0.0194 0.2508 0.2531, -0.0212 0.2508 0.2529, -0.0228 0.2508 0.253, -0.024 0.2507 0.2535, -0.0251 0.2506 0.2541, -0.026 0.2505 0.2551, -0.0265 0.2504 0.2559, -0.0266 0.2504 0.2559, -0.0266 0.2507 0.2532, -0.0296 0.2508 0.2532, -0.0297 0.2492 0.2642, -0.0294 0.2489 0.2667, -0.0289 0.2487 0.2679, -0.0283 0.2486 0.2689, -0.0278 0.2485 0.2694, -0.0268 0.2484 0.27, -0.0256 0.2483 0.2704, -0.0197 0.2498 0.2602, -0.0201 0.2497 0.2605, -0.0207 0.2497 0.2608, -0.0226 0.2496 0.2613, -0.0189 0.2501 0.2581, -0.0189 0.25 0.2586, -0.0191 0.2499 0.2592, -0.0193 0.2498 0.2598, -0.0198 0.2503 0.2561, -0.0195 0.2503 0.2564, -0.0192 0.2502 0.2569, -0.019 0.2502 0.2574, -0.022 0.2505 0.2553, -0.021 0.2504 0.2554, -0.0203 0.2504 0.2557, -0.0253 0.2503 0.2567, -0.0249 0.2503 0.2563, -0.0241 0.2504 0.2558, -0.0232 0.2504 0.2554, -0.0266 0.2498 0.2601, -0.0266 0.2498 0.2599, -0.0264 0.25 0.2586, -0.026 0.2501 0.2575, -0.0266 0.2495 0.2618
            ]
        }
        coordIndex [
            0,1,2,-1,2,1,3,-1,4,0,5,-1,5,0,2,-1,6,4,7,-1,7,4,5,-1,8,6,9,-1,9,6,7,-1,10,8,11,-1,11,8,9,-1,12,10,13,-1,13,10,11,-1,14,12,15,-1,15,12,13,-1,16,14,17,-1,17,14,15,-1,16,17,18,-1,16,18,19,-1,19,18,20,-1,19,20,21,-1,22,19,23,-1,23,19,21,-1,24,25,26,-1,26,25,22,-1,26,22,27,-1,27,22,23,-1,1,25,3,-1,3,25,24,-1,25,1,0,-1,0,4,25,-1,25,4,6,-1,25,6,22,-1,16,19,14,-1,14,19,22,-1,14,22,12,-1,12,22,6,-1,12,6,10,-1,10,6,8,-1,28,29,30,-1,30,29,31,-1,32,33,34,-1,34,33,35,-1,36,37,31,-1,31,37,38,-1,31,38,39,-1,39,40,31,-1,31,40,41,-1,31,41,30,-1,30,41,42,-1,30,42,32,-1,32,42,43,-1,32,43,33,-1,44,45,46,-1,46,45,47,-1,48,36,49,-1,49,36,31,-1,49,31,50,-1,50,31,51,-1,50,51,52,-1,52,51,53,-1,52,53,54,-1,54,53,55,-1,54,55,47,-1,47,55,56,-1,47,56,46,-1,57,58,59,-1,59,58,60,-1,59,60,61,-1,61,60,62,-1,61,62,63,-1,63,62,64,-1,63,64,44,-1,44,64,65,-1,44,65,45,-1,66,67,68,-1,68,67,69,-1,68,69,70,-1,70,69,71,-1,70,71,72,-1,72,71,73,-1,72,73,74,-1,74,73,75,-1,74,75,76,-1,76,75,77,-1,76,77,35,-1,35,77,78,-1,35,78,34,-1,49,79,48,-1,48,79,80,-1,48,80,81,-1,81,80,82,-1,81,82,83,-1,83,82,84,-1,83,84,85,-1,85,84,86,-1,85,86,87,-1,87,86,88,-1,87,88,89,-1,89,88,90,-1,89,90,91,-1,91,90,92,-1,91,92,93,-1,93,92,94,-1,93,94,66,-1,66,94,95,-1,66,95,67,-1,63,96,97,-1,63,97,61,-1,61,97,98,-1,61,98,59,-1,59,98,99,-1,59,99,57,-1,58,57,100,-1,100,57,99,-1,58,100,101,-1,58,101,60,-1,60,101,102,-1,60,102,62,-1,62,102,103,-1,62,103,64,-1,64,103,104,-1,64,104,65,-1,65,104,105,-1,65,105,45,-1,45,105,106,-1,45,106,47,-1,47,106,107,-1,47,107,54,-1,54,107,108,-1,54,108,52,-1,52,108,109,-1,52,109,50,-1,50,109,110,-1,50,110,49,-1,79,49,111,-1,111,49,110,-1,79,111,112,-1,79,112,80,-1,80,112,113,-1,80,113,82,-1,82,113,114,-1,82,114,84,-1,84,114,115,-1,84,115,86,-1,86,115,116,-1,86,116,88,-1,88,116,117,-1,88,117,90,-1,90,117,118,-1,90,118,92,-1,92,118,119,-1,92,119,94,-1,94,119,120,-1,94,120,95,-1,95,120,121,-1,95,121,67,-1,67,121,122,-1,67,122,69,-1,69,122,123,-1,69,123,71,-1,71,123,124,-1,71,124,73,-1,73,124,125,-1,73,125,75,-1,75,125,126,-1,75,126,77,-1,77,126,127,-1,77,127,78,-1,78,127,128,-1,78,128,34,-1,34,128,129,-1,34,129,32,-1,30,32,130,-1,130,32,129,-1,28,30,131,-1,131,30,130,-1,29,28,132,-1,132,28,131,-1,31,29,133,-1,133,29,132,-1,31,133,134,-1,31,134,51,-1,51,134,135,-1,51,135,53,-1,53,135,136,-1,53,136,55,-1,55,136,137,-1,55,137,56,-1,56,137,138,-1,56,138,46,-1,46,138,139,-1,46,139,44,-1,44,139,96,-1,44,96,63,-1,81,140,141,-1,81,141,48,-1,48,141,142,-1,48,142,36,-1,36,142,143,-1,36,143,37,-1,89,144,145,-1,89,145,87,-1,87,145,146,-1,87,146,85,-1,85,146,147,-1,85,147,83,-1,83,147,140,-1,83,140,81,-1,68,148,149,-1,68,149,66,-1,66,149,150,-1,66,150,93,-1,93,150,151,-1,93,151,91,-1,91,151,144,-1,91,144,89,-1,74,152,153,-1,74,153,72,-1,72,153,154,-1,72,154,70,-1,70,154,148,-1,70,148,68,-1,43,155,156,-1,43,156,33,-1,33,156,157,-1,33,157,35,-1,35,157,158,-1,35,158,76,-1,76,158,152,-1,76,152,74,-1,39,159,160,-1,39,160,40,-1,40,160,161,-1,40,161,41,-1,41,161,162,-1,41,162,42,-1,42,162,155,-1,42,155,43,-1,39,38,159,-1,159,38,163,-1,38,37,163,-1,163,37,143,-1,
        ]
    }
}
Shape{
    appearance Appearance {
        material  Material 	{
            diffuseColor 0.2235294117647059 0.2235294117647059 0.2235294117647059
            specularColor 0.11372549019607843 0.11372549019607843 0.11372549019607843
            ambientIntensity 0.2235
            transparency 0.0
            shininess 0.5
        }
    }
    geometry IndexedFaceSet {
        ccw TRUE
        solid FALSE
        coord DEF co Coordinate {
            point [
                -0.0266 0.2498 0.2599, -0.0266 0.2498 0.2601, -0.0197 0.2498 0.2602, -0.0266 0.2495 0.2618, -0.0226 0.2496 0.2613, -0.0207 0.2497 0.2608, -0.0201 0.2497 0.2605, -0.0264 0.25 0.2586, -0.0193 0.2498 0.2598, -0.026 0.2501 0.2575, -0.0195 0.2503 0.2564, -0.0198 0.2503 0.2561, -0.0249 0.2503 0.2563, -0.0192 0.2502 0.2569, -0.0241 0.2504 0.2558, -0.0232 0.2504 0.2554, -0.022 0.2505 0.2553, -0.0191 0.2499 0.2592, -0.0189 0.25 0.2586, -0.0253 0.2503 0.2567, -0.0189 0.2501 0.2581, -0.019 0.2502 0.2574, -0.0203 0.2504 0.2557, -0.021 0.2504 0.2554
            ]
        }
        coordIndex [
            0,1,2,-1,1,3,4,-1,4,5,1,-1,1,5,6,-1,1,6,2,-1,0,2,7,-1,7,2,8,-1,7,8,9,-1,10,11,12,-1,10,12,13,-1,14,12,15,-1,15,12,16,-1,8,17,9,-1,9,17,18,-1,9,18,19,-1,19,18,20,-1,19,20,12,-1,12,20,21,-1,12,21,13,-1,11,22,12,-1,12,22,23,-1,12,23,16,-1,
        ]
    }
}
Shape{
    appearance Appearance {
        material  Material 	{
            diffuseColor 1.0 1.0 1.0
            specularColor 0.5019607843137255 0.5019607843137255 0.5019607843137255
            ambientIntensity 1.0
            transparency 0.0
            shininess 0.5
        }
    }
    geometry IndexedFaceSet {
        ccw TRUE
        solid FALSE
        coord DEF co Coordinate {
            point [
                -0.0337 0.2502 0.2569, -0.0337 0.2503 0.2569, -0.0351 0.2504 0.256, -0.0386 0.2505 0.2552, -0.0386 0.2505 0.2552, -0.037 0.2504 0.2554, -0.037 0.2505 0.2554, -0.0352 0.2504 0.256, -0.0351 0.2504 0.256, -0.0337 0.2507 0.2538, -0.0337 0.2507 0.2538, -0.0383 0.2508 0.2528, -0.0383 0.2509 0.2528, -0.0358 0.2508 0.253, -0.0352 0.2507 0.2532, -0.0358 0.2508 0.253, -0.041 0.2508 0.2531, -0.041 0.2508 0.2531, -0.0426 0.2507 0.2537, -0.0426 0.2507 0.2537, -0.0433 0.2506 0.2541, -0.0433 0.2507 0.2541, -0.0442 0.2505 0.2548, -0.0442 0.2506 0.2548, -0.0448 0.2504 0.2556, -0.0448 0.2505 0.2556, -0.0451 0.2503 0.2565, -0.0451 0.2503 0.2565, -0.0453 0.2501 0.2577, -0.0453 0.2502 0.2577, -0.0452 0.25 0.2588, -0.0452 0.25 0.2588, -0.0449 0.2498 0.2597, -0.0449 0.2499 0.2597, -0.0443 0.2497 0.2605, -0.0443 0.2498 0.2606, -0.0436 0.2496 0.2612, -0.0436 0.2497 0.2612, -0.0416 0.2495 0.2623, -0.0416 0.2495 0.2623, -0.0404 0.2494 0.2628, -0.0404 0.2494 0.2628, -0.0386 0.2493 0.2636, -0.0386 0.2493 0.2636, -0.0375 0.2492 0.2643, -0.0375 0.2492 0.2643, -0.0372 0.2492 0.2646, -0.0372 0.2492 0.2646, -0.037 0.2491 0.265, -0.037 0.2491 0.265, -0.0369 0.249 0.2654, -0.0369 0.2491 0.2654, -0.0369 0.249 0.2658, -0.0369 0.249 0.2658, -0.0369 0.2489 0.2663, -0.0369 0.2489 0.2663, -0.0371 0.2489 0.2667, -0.0371 0.2489 0.2667, -0.0374 0.2488 0.2671, -0.0374 0.2488 0.2671, -0.0378 0.2487 0.2675, -0.0378 0.2488 0.2675, -0.0385 0.2487 0.2678, -0.0385 0.2487 0.2678, -0.0393 0.2487 0.268, -0.0393 0.2487 0.268, -0.0402 0.2487 0.2681, -0.0402 0.2487 0.2681, -0.0423 0.2487 0.2678, -0.0423 0.2487 0.2678, -0.044 0.2488 0.2672, -0.044 0.2488 0.2672, -0.0445 0.2488 0.2668, -0.0445 0.2489 0.2668, -0.0446 0.2485 0.2697, -0.0446 0.2484 0.2697, -0.0426 0.2483 0.2703, -0.0426 0.2484 0.2703, -0.0405 0.2483 0.2705, -0.0405 0.2484 0.2705, -0.0381 0.2484 0.2703, -0.0381 0.2484 0.2703, -0.0365 0.2484 0.2696, -0.0365 0.2485 0.2697, -0.0357 0.2485 0.2692, -0.0357 0.2485 0.2692, -0.0348 0.2487 0.2684, -0.0352 0.2486 0.2687, -0.0348 0.2486 0.2684, -0.0343 0.2487 0.2676, -0.0343 0.2488 0.2676, -0.0339 0.2489 0.2667, -0.0339 0.2489 0.2667, -0.0338 0.249 0.2656, -0.0338 0.249 0.2656, -0.0339 0.2492 0.2644, -0.0339 0.2492 0.2644, -0.0342 0.2493 0.2635, -0.0342 0.2493 0.2635, -0.0346 0.2494 0.2629, -0.0346 0.2494 0.2629, -0.0383 0.2497 0.2606, -0.0383 0.2497 0.2606, -0.0365 0.2496 0.2615, -0.0351 0.2495 0.2624, -0.0351 0.2495 0.2624, -0.0352 0.2495 0.2623, -0.0365 0.2496 0.2615, -0.0403 0.2498 0.2598, -0.0403 0.2499 0.2598, -0.0414 0.2499 0.2591, -0.0414 0.25 0.2591, -0.0418 0.25 0.2587, -0.0418 0.25 0.2587, -0.042 0.25 0.2583, -0.042 0.2501 0.2583, -0.0422 0.2501 0.2578, -0.0422 0.2501 0.2578, -0.0422 0.2502 0.2575, -0.0422 0.2502 0.2575, -0.0421 0.2502 0.2569, -0.0421 0.2503 0.2569, -0.042 0.2503 0.2565, -0.042 0.2503 0.2565, -0.0417 0.2503 0.2561, -0.0417 0.2504 0.2561, -0.0414 0.2504 0.2558, -0.0414 0.2504 0.2558, -0.0411 0.2504 0.2556, -0.0411 0.2505 0.2556, -0.0403 0.2505 0.2553, -0.0403 0.2505 0.2554, -0.0388 0.2505 0.2552, -0.0388 0.2505 0.2552, -0.0603 0.2484 0.27, -0.0634 0.2484 0.27, -0.0603 0.2484 0.27, -0.0634 0.2484 0.27, -0.0555 0.2502 0.2572, -0.0555 0.2502 0.2572, -0.0553 0.2503 0.2564, -0.0553 0.2503 0.2564, -0.0551 0.2504 0.2559, -0.0551 0.2504 0.2559, -0.0551 0.2504 0.2559, -0.0551 0.2504 0.2559, -0.0547 0.2502 0.2573, -0.0547 0.2502 0.2573, -0.0503 0.2484 0.2701, -0.0503 0.2484 0.2701, -0.0519 0.249 0.2654, -0.0469 0.2484 0.2701, -0.0469 0.2484 0.2701, -0.0536 0.2508 0.2531, -0.0536 0.2508 0.2531, -0.0519 0.2502 0.2573, -0.0522 0.2512 0.25, -0.0522 0.2512 0.25, -0.0519 0.2513 0.2495, -0.0516 0.2514 0.2489, -0.0516 0.2514 0.2489, -0.051 0.2514 0.2483, -0.051 0.2515 0.2483, -0.0506 0.2515 0.248, -0.0506 0.2515 0.248, -0.0499 0.2515 0.2477, -0.0499 0.2516 0.2477, -0.0491 0.2515 0.2476, -0.0491 0.2516 0.2476, -0.048 0.2515 0.2478, -0.048 0.2516 0.2478, -0.0474 0.2515 0.248, -0.0474 0.2515 0.248, -0.0474 0.2519 0.2453, -0.0474 0.2519 0.2453, -0.0487 0.2519 0.2451, -0.0487 0.2519 0.2451, -0.0493 0.2519 0.2451, -0.0493 0.2519 0.2451, -0.0507 0.2519 0.2452, -0.0507 0.2519 0.2452, -0.0518 0.2518 0.2457, -0.0518 0.2518 0.2457, -0.0519 0.2518 0.2458, -0.0528 0.2517 0.2464, -0.0528 0.2517 0.2464, -0.0541 0.2515 0.2478, -0.0541 0.2515 0.2478, -0.0555 0.2511 0.2505, -0.0555 0.2512 0.2505, -0.0795 0.2505 0.2556, -0.0795 0.2508 0.2529, -0.0795 0.2504 0.2556, -0.0795 0.2508 0.2529, -0.0697 0.2504 0.2556, -0.0697 0.2504 0.2557, -0.0744 0.2504 0.2556, -0.0697 0.2493 0.2637, -0.0697 0.2493 0.2637, -0.0783 0.2493 0.2636, -0.0783 0.2493 0.2636, -0.0744 0.2493 0.2636, -0.0783 0.2489 0.2663, -0.0783 0.2489 0.2663, -0.0697 0.2489 0.2664, -0.0697 0.2489 0.2664, -0.0744 0.2489 0.2663, -0.0698 0.2479 0.274, -0.0698 0.2478 0.274, -0.0791 0.2478 0.2739, -0.0791 0.2479 0.2739, -0.0744 0.2478 0.274, -0.0791 0.2475 0.2767, -0.0791 0.2475 0.2767, -0.0791 0.2475 0.2765, -0.0667 0.2474 0.2767, -0.0667 0.2475 0.2768, -0.0744 0.2475 0.2767, -0.0665 0.2508 0.253, -0.0665 0.2508 0.253, -0.0667 0.2475 0.2765, -0.0744 0.2508 0.2529, -0.0999 0.2504 0.2561, -0.0975 0.2502 0.2577, -0.0974 0.2506 0.2543, -0.0959 0.2503 0.2566, -0.0947 0.2508 0.2533, -0.094 0.2504 0.2559, -0.0906 0.2508 0.2528, -0.0906 0.2505 0.2555, -0.084 0.2508 0.2528, -0.0871 0.2505 0.2555, -0.0842 0.2475 0.2766, -0.0872 0.2479 0.2739, -0.091 0.2475 0.2766, -0.0909 0.2479 0.2738, -0.0947 0.2476 0.2762, -0.094 0.2479 0.2735, -0.0976 0.2477 0.2751, -0.096 0.248 0.2727, -0.1001 0.248 0.2734, -0.0978 0.2482 0.2716, -0.1009 0.2481 0.2726, -0.0984 0.2483 0.2709, -0.1024 0.2484 0.2705, -0.0994 0.2485 0.2696, -0.1033 0.2487 0.2682, -0.1 0.2487 0.2678, -0.1036 0.2491 0.2649, -0.1004 0.2492 0.2648, -0.1036 0.2494 0.2634, -0.1002 0.2494 0.263, -0.1029 0.2498 0.2606, -0.0997 0.2497 0.2609, -0.1017 0.2501 0.2582, -0.0988 0.25 0.2592, -0.0978 0.2501 0.2579, -0.0906 0.2508 0.2528, -0.084 0.2508 0.2528, -0.0947 0.2507 0.2533, -0.0974 0.2506 0.2543, -0.0999 0.2504 0.2561, -0.1017 0.2501 0.2582, -0.1029 0.2497 0.2606, -0.1036 0.2493 0.2634, -0.1036 0.2491 0.2649, -0.1033 0.2486 0.2682, -0.1024 0.2483 0.2705, -0.1009 0.248 0.2725, -0.1001 0.2479 0.2734, -0.091 0.2475 0.2766, -0.0915 0.2475 0.2765, -0.0947 0.2475 0.2761, -0.0976 0.2477 0.2751, -0.0842 0.2475 0.2766, -0.0842 0.2475 0.2765, -0.0909 0.2479 0.2738, -0.0872 0.2478 0.2739, -0.0871 0.2504 0.2555, -0.0906 0.2504 0.2555, -0.0978 0.2501 0.2579, -0.0975 0.2501 0.2577, -0.0959 0.2503 0.2566, -0.094 0.2504 0.2559, -0.1004 0.2491 0.2648, -0.1002 0.2494 0.263, -0.0997 0.2497 0.2609, -0.0988 0.2499 0.2592, -0.0978 0.2482 0.2716, -0.0984 0.2483 0.2709, -0.0994 0.2485 0.2696, -0.1 0.2487 0.2678, -0.094 0.2479 0.2735, -0.096 0.248 0.2727
            ]
        }
        coordIndex [
            0,1,2,-1,3,4,5,-1,3,5,6,-1,6,5,7,-1,6,7,2,-1,2,7,8,-1,2,8,0,-1,9,1,10,-1,10,1,0,-1,11,12,13,-1,9,10,14,-1,9,14,13,-1,13,14,15,-1,13,15,11,-1,12,11,16,-1,12,16,17,-1,17,16,18,-1,17,18,19,-1,19,18,20,-1,19,20,21,-1,21,20,22,-1,21,22,23,-1,23,22,24,-1,23,24,25,-1,25,24,26,-1,25,26,27,-1,27,26,28,-1,27,28,29,-1,29,28,30,-1,29,30,31,-1,31,30,32,-1,31,32,33,-1,33,32,34,-1,33,34,35,-1,35,34,36,-1,35,36,37,-1,37,36,38,-1,37,38,39,-1,39,38,40,-1,39,40,41,-1,41,40,42,-1,41,42,43,-1,43,42,44,-1,43,44,45,-1,45,44,46,-1,45,46,47,-1,47,46,48,-1,47,48,49,-1,49,48,50,-1,49,50,51,-1,51,50,52,-1,51,52,53,-1,53,52,54,-1,53,54,55,-1,55,54,56,-1,55,56,57,-1,57,56,58,-1,57,58,59,-1,59,58,60,-1,59,60,61,-1,61,60,62,-1,61,62,63,-1,63,62,64,-1,63,64,65,-1,65,64,66,-1,65,66,67,-1,67,66,68,-1,67,68,69,-1,69,68,70,-1,69,70,71,-1,71,70,72,-1,71,72,73,-1,74,73,75,-1,75,73,72,-1,74,75,76,-1,74,76,77,-1,77,76,78,-1,77,78,79,-1,79,78,80,-1,79,80,81,-1,81,80,82,-1,81,82,83,-1,83,82,84,-1,83,84,85,-1,86,85,87,-1,87,85,84,-1,87,88,86,-1,86,88,89,-1,86,89,90,-1,90,89,91,-1,90,91,92,-1,92,91,93,-1,92,93,94,-1,94,93,95,-1,94,95,96,-1,96,95,97,-1,96,97,98,-1,98,97,99,-1,98,99,100,-1,101,102,103,-1,100,99,104,-1,100,104,105,-1,105,104,106,-1,105,106,103,-1,103,106,107,-1,103,107,101,-1,102,101,108,-1,102,108,109,-1,109,108,110,-1,109,110,111,-1,111,110,112,-1,111,112,113,-1,113,112,114,-1,113,114,115,-1,115,114,116,-1,115,116,117,-1,117,116,118,-1,117,118,119,-1,119,118,120,-1,119,120,121,-1,121,120,122,-1,121,122,123,-1,123,122,124,-1,123,124,125,-1,125,124,126,-1,125,126,127,-1,127,126,128,-1,127,128,129,-1,129,128,130,-1,129,130,131,-1,131,130,132,-1,131,132,133,-1,133,132,4,-1,133,4,3,-1,57,59,85,-1,85,59,83,-1,83,59,61,-1,83,61,81,-1,109,41,102,-1,102,41,43,-1,19,21,125,-1,125,21,23,-1,125,23,123,-1,123,23,25,-1,123,25,121,-1,121,25,27,-1,121,27,119,-1,119,27,29,-1,119,29,117,-1,117,29,31,-1,117,31,115,-1,115,31,33,-1,115,33,113,-1,113,33,35,-1,113,35,111,-1,111,35,37,-1,111,37,109,-1,109,37,39,-1,109,39,41,-1,12,3,13,-1,13,3,6,-1,13,6,9,-1,9,6,2,-1,9,2,1,-1,61,63,81,-1,81,63,65,-1,81,65,79,-1,79,65,67,-1,79,67,77,-1,77,67,69,-1,77,69,74,-1,74,69,71,-1,74,71,73,-1,125,127,19,-1,19,127,129,-1,19,129,17,-1,17,129,131,-1,17,131,12,-1,12,131,133,-1,12,133,3,-1,85,86,57,-1,57,86,90,-1,57,90,55,-1,55,90,92,-1,55,92,53,-1,53,92,94,-1,53,94,51,-1,51,94,96,-1,51,96,49,-1,49,96,98,-1,49,98,47,-1,47,98,100,-1,47,100,45,-1,45,100,105,-1,45,105,43,-1,43,105,103,-1,43,103,102,-1,134,135,136,-1,136,135,137,-1,138,134,139,-1,139,134,136,-1,138,139,140,-1,138,140,141,-1,141,140,142,-1,141,142,143,-1,144,143,145,-1,145,143,142,-1,146,144,147,-1,147,144,145,-1,148,149,150,-1,150,149,146,-1,150,146,147,-1,151,149,152,-1,152,149,148,-1,153,154,155,-1,155,154,151,-1,155,151,152,-1,156,154,157,-1,157,154,153,-1,156,157,158,-1,156,158,159,-1,158,160,159,-1,159,160,161,-1,159,161,162,-1,162,161,163,-1,162,163,164,-1,164,163,165,-1,164,165,166,-1,166,165,167,-1,166,167,168,-1,168,167,169,-1,168,169,170,-1,170,169,171,-1,170,171,172,-1,173,172,174,-1,174,172,171,-1,173,174,175,-1,173,175,176,-1,176,175,177,-1,176,177,178,-1,178,177,179,-1,178,179,180,-1,180,179,181,-1,180,181,182,-1,182,181,183,-1,182,183,184,-1,183,185,184,-1,184,185,186,-1,184,186,187,-1,187,186,188,-1,187,188,189,-1,135,189,137,-1,137,189,188,-1,141,143,189,-1,135,134,189,-1,189,134,138,-1,189,138,141,-1,149,151,146,-1,146,151,154,-1,146,154,144,-1,143,144,189,-1,189,144,154,-1,189,154,187,-1,172,173,170,-1,170,173,176,-1,170,176,168,-1,168,176,178,-1,168,178,166,-1,166,178,180,-1,166,180,164,-1,164,180,182,-1,164,182,162,-1,162,182,184,-1,162,184,159,-1,159,184,187,-1,159,187,156,-1,156,187,154,-1,190,191,192,-1,192,191,193,-1,194,195,196,-1,196,195,190,-1,196,190,192,-1,197,195,198,-1,198,195,194,-1,199,200,201,-1,201,200,197,-1,201,197,198,-1,202,200,203,-1,203,200,199,-1,204,205,206,-1,206,205,202,-1,206,202,203,-1,207,205,208,-1,208,205,204,-1,209,210,211,-1,211,210,207,-1,211,207,208,-1,212,213,214,-1,214,213,210,-1,214,210,209,-1,215,216,217,-1,217,216,213,-1,217,213,212,-1,218,219,220,-1,220,219,216,-1,220,216,215,-1,193,191,221,-1,221,191,219,-1,221,219,218,-1,219,191,190,-1,190,195,219,-1,219,195,197,-1,219,197,216,-1,210,213,207,-1,207,213,216,-1,207,216,205,-1,205,216,197,-1,205,197,202,-1,202,197,200,-1,222,223,224,-1,224,223,225,-1,224,225,226,-1,226,225,227,-1,226,227,228,-1,228,227,229,-1,228,229,230,-1,230,229,231,-1,230,231,232,-1,232,231,233,-1,232,233,234,-1,234,233,235,-1,234,235,236,-1,236,235,237,-1,236,237,238,-1,238,237,239,-1,238,239,240,-1,240,239,241,-1,240,241,242,-1,242,241,243,-1,242,243,244,-1,244,243,245,-1,244,245,246,-1,246,245,247,-1,246,247,248,-1,248,247,249,-1,248,249,250,-1,250,249,251,-1,250,251,252,-1,252,251,253,-1,252,253,254,-1,254,253,255,-1,254,255,222,-1,222,255,256,-1,222,256,223,-1,228,230,257,-1,257,230,258,-1,228,257,259,-1,228,259,226,-1,226,259,260,-1,226,260,224,-1,224,260,261,-1,224,261,222,-1,222,261,262,-1,222,262,254,-1,254,262,263,-1,254,263,252,-1,252,263,264,-1,252,264,250,-1,250,264,265,-1,250,265,248,-1,248,265,266,-1,248,266,246,-1,246,266,267,-1,246,267,244,-1,244,267,268,-1,244,268,242,-1,242,268,269,-1,242,269,240,-1,270,234,271,-1,271,234,236,-1,271,236,272,-1,272,236,238,-1,272,238,273,-1,273,238,240,-1,273,240,269,-1,232,234,274,-1,274,234,270,-1,258,230,275,-1,275,230,232,-1,275,232,274,-1,235,233,276,-1,276,233,277,-1,233,231,277,-1,277,231,278,-1,231,229,278,-1,278,229,279,-1,256,280,281,-1,256,281,223,-1,223,281,282,-1,223,282,225,-1,225,282,283,-1,225,283,227,-1,227,283,279,-1,227,279,229,-1,249,284,285,-1,249,285,251,-1,251,285,286,-1,251,286,253,-1,253,286,287,-1,253,287,255,-1,255,287,280,-1,255,280,256,-1,241,288,289,-1,241,289,243,-1,243,289,290,-1,243,290,245,-1,245,290,291,-1,245,291,247,-1,247,291,284,-1,247,284,249,-1,235,276,292,-1,235,292,237,-1,237,292,293,-1,237,293,239,-1,239,293,288,-1,239,288,241,-1,
        ]
    }
}
Shape{
    appearance Appearance {
        material  Material 	{
            diffuseColor 0.2235294117647059 0.2235294117647059 0.2235294117647059
            specularColor 0.11372549019607843 0.11372549019607843 0.11372549019607843
            ambientIntensity 0.2235
            transparency 0.0
            shininess 0.5
        }
    }
    geometry IndexedFaceSet {
        ccw TRUE
        solid FALSE
        coord DEF co Coordinate {
            point [
                -0.0975 0.2501 0.2577, -0.0978 0.2501 0.2579, -0.0909 0.2479 0.2738, -0.0872 0.2478 0.2739, -0.0871 0.2504 0.2555, -0.0906 0.2504 0.2555, -0.094 0.2504 0.2559, -0.0959 0.2503 0.2566, -0.0988 0.2499 0.2592, -0.0997 0.2497 0.2609, -0.1002 0.2494 0.263, -0.1004 0.2491 0.2648, -0.1 0.2487 0.2678, -0.0994 0.2485 0.2696, -0.0984 0.2483 0.2709, -0.0978 0.2482 0.2716, -0.094 0.2479 0.2735, -0.096 0.248 0.2727
            ]
        }
        coordIndex [
            0,1,2,-1,3,4,2,-1,2,4,5,-1,5,6,2,-1,2,6,7,-1,2,7,0,-1,1,8,2,-1,2,8,9,-1,2,9,10,-1,10,11,2,-1,2,11,12,-1,2,12,13,-1,13,14,2,-1,2,14,15,-1,2,15,16,-1,16,15,17,-1,
        ]
    }
}
Shape{
    appearance Appearance {
        material  Material 	{
            diffuseColor 1.0 1.0 1.0
            specularColor 0.5019607843137255 0.5019607843137255 0.5019607843137255
            ambientIntensity 1.0
            transparency 0.0
            shininess 0.5
        }
    }
    geometry IndexedFaceSet {
        ccw TRUE
        solid FALSE
        coord DEF co Coordinate {
            point [
                -0.1117 0.2496 0.2618, -0.1153 0.2482 0.2717, -0.1142 0.2475 0.2764, -0.1049 0.2509 0.2527, -0.1083 0.2509 0.2527, -0.1107 0.25 0.2592, -0.1155 0.2481 0.2724, -0.1157 0.248 0.2734, -0.1175 0.2475 0.2764, -0.1158 0.248 0.2734, -0.116 0.2481 0.2724, -0.1162 0.2482 0.2717, -0.1197 0.2496 0.2618, -0.1265 0.2509 0.2525, -0.1231 0.2509 0.2526, -0.1207 0.25 0.2591, -0.1175 0.2475 0.2764, -0.1265 0.2508 0.2525, -0.1142 0.2475 0.2764, -0.1049 0.2508 0.2527, -0.1083 0.2508 0.2527, -0.1107 0.2499 0.2592, -0.1207 0.2499 0.2591, -0.1231 0.2508 0.2526, -0.1117 0.2495 0.2618, -0.1197 0.2495 0.2618, -0.1162 0.2482 0.2717, -0.1158 0.2479 0.2734, -0.116 0.2481 0.2724, -0.1157 0.2479 0.2734, -0.1153 0.2482 0.2717, -0.1155 0.2481 0.2724
            ]
        }
        coordIndex [
            0,1,2,-1,3,4,5,-1,1,6,2,-1,2,6,7,-1,2,7,8,-1,8,7,9,-1,8,9,10,-1,10,11,8,-1,8,11,12,-1,8,12,13,-1,14,13,15,-1,15,13,12,-1,15,12,5,-1,5,12,0,-1,5,0,3,-1,3,0,2,-1,8,13,16,-1,16,13,17,-1,2,8,18,-1,18,8,16,-1,3,2,19,-1,19,2,18,-1,4,3,20,-1,20,3,19,-1,5,4,21,-1,21,4,20,-1,15,5,22,-1,22,5,21,-1,14,15,23,-1,23,15,22,-1,13,14,17,-1,17,14,23,-1,0,12,24,-1,24,12,25,-1,12,11,25,-1,25,11,26,-1,9,27,28,-1,9,28,10,-1,10,28,26,-1,10,26,11,-1,9,7,27,-1,27,7,29,-1,1,30,31,-1,1,31,6,-1,6,31,29,-1,6,29,7,-1,1,0,30,-1,30,0,24,-1,
        ]
    }
}
Shape{
    appearance Appearance {
        material  Material 	{
            diffuseColor 0.2235294117647059 0.2235294117647059 0.2235294117647059
            specularColor 0.11372549019607843 0.11372549019607843 0.11372549019607843
            ambientIntensity 0.2235
            transparency 0.0
            shininess 0.5
        }
    }
    geometry IndexedFaceSet {
        ccw TRUE
        solid FALSE
        coord DEF co Coordinate {
            point [
                -0.1158 0.2479 0.2734, -0.1157 0.2479 0.2734, -0.116 0.2481 0.2724, -0.1155 0.2481 0.2724, -0.1162 0.2482 0.2717, -0.1153 0.2482 0.2717, -0.1197 0.2495 0.2618, -0.1117 0.2495 0.2618
            ]
        }
        coordIndex [
            0,1,2,-1,2,1,3,-1,2,3,4,-1,4,3,5,-1,4,5,6,-1,6,5,7,-1,
        ]
    }
}
Shape{
    appearance Appearance {
        material  Material 	{
            diffuseColor 1.0 1.0 1.0
            specularColor 0.5019607843137255 0.5019607843137255 0.5019607843137255
            ambientIntensity 1.0
            transparency 0.0
            shininess 0.5
        }
    }
    geometry IndexedFaceSet {
        ccw TRUE
        solid FALSE
        coord DEF co Coordinate {
            point [
                0.1061 0.2511 0.2508, 0.1036 0.2516 0.2477, 0.1075 0.249 0.2658, 0.0504 0.2479 0.2737, 0.0557 0.2467 0.2827, 0.0786 0.2483 0.271, 0.0902 0.249 0.266, 0.0886 0.2491 0.2654, 0.0873 0.2492 0.2645, 0.0862 0.2494 0.2633, 0.0744 0.2497 0.2613, 0.0802 0.243 0.3088, 0.0849 0.2417 0.3179, 0.0891 0.2421 0.3154, 0.1112 0.2487 0.2681, 0.1105 0.2505 0.2553, 0.1078 0.2506 0.2544, 0.0854 0.2496 0.2619, 0.0851 0.2498 0.2603, 0.0744 0.2499 0.2596, 0.0851 0.25 0.2588, 0.0447 0.2456 0.2904, 0.0433 0.2456 0.2904, 0.0362 0.2443 0.2994, 0.0401 0.2456 0.2899, 0.0354 0.2443 0.2991, 0.0371 0.2458 0.2888, 0.0303 0.2447 0.2966, 0.0257 0.2452 0.2927, 0.085 0.2435 0.3053, 0.0931 0.2425 0.312, 0.0889 0.2441 0.3008, 0.0966 0.2431 0.308, 0.0914 0.2448 0.2956, 0.1064 0.2446 0.2972, 0.1022 0.2445 0.2981, 0.1006 0.243 0.3083, 0.1005 0.2445 0.2982, 0.0986 0.2431 0.3082, 0.0965 0.2445 0.2977, 0.0927 0.2447 0.2963, 0.0931 0.249 0.266, 0.0955 0.2475 0.2764, 0.0946 0.2491 0.2655, 0.0993 0.2477 0.275, 0.096 0.2492 0.2646, 0.1028 0.2481 0.2726, 0.0971 0.2494 0.2634, 0.1056 0.2485 0.2694, 0.0979 0.2496 0.2619, 0.0983 0.2498 0.2603, 0.0259 0.2497 0.2611, 0.0338 0.2487 0.2679, 0.0306 0.2502 0.2573, 0.0364 0.249 0.2659, 0.0359 0.2506 0.2548, 0.0394 0.2492 0.2645, 0.0415 0.2507 0.2536, 0.0425 0.2493 0.264, 0.0516 0.2507 0.2537, 0.0502 0.2493 0.264, 0.0526 0.2507 0.2539, 0.1143 0.2483 0.2712, 0.1214 0.2495 0.2627, 0.1166 0.2501 0.2585, 0.1171 0.2463 0.2855, 0.1284 0.2466 0.2829, 0.1177 0.2468 0.2814, 0.1284 0.2469 0.2811, 0.1175 0.2472 0.2788, 0.1278 0.2477 0.275, 0.1163 0.2478 0.2747, 0.1255 0.2486 0.2687, 0.1219 0.2494 0.2632, 0.096 0.2506 0.2545, 0.0946 0.2507 0.2536, 0.1003 0.2519 0.2452, 0.093 0.2508 0.2531, 0.0852 0.2476 0.2756, 0.0893 0.2475 0.2767, 0.0914 0.2475 0.2768, 0.0345 0.2461 0.2869, 0.0325 0.2464 0.2847, 0.0223 0.2459 0.2879, 0.0309 0.2468 0.2818, 0.0202 0.2466 0.2827, 0.0302 0.2472 0.2785, 0.0195 0.2474 0.2772, 0.0301 0.2474 0.2771, 0.0203 0.2483 0.2711, 0.0305 0.2479 0.2738, 0.0225 0.249 0.2657, 0.0317 0.2483 0.2708, 0.0336 0.2487 0.2682, 0.0454 0.2424 0.3129, 0.0519 0.2435 0.3049, 0.0398 0.2433 0.3065, 0.0481 0.2442 0.3003, 0.0456 0.2449 0.2948, 0.1068 0.2431 0.3077, 0.1132 0.2435 0.3054, 0.1103 0.2449 0.2952, 0.1189 0.244 0.3016, 0.1133 0.2453 0.2926, 0.1203 0.2442 0.3004, 0.1156 0.2457 0.2893, 0.1241 0.2448 0.2956, 0.127 0.2457 0.2896, 0.0971 0.2504 0.2557, 0.0979 0.2502 0.2571, 0.0983 0.25 0.2587, 0.077 0.2413 0.3208, 0.0746 0.2427 0.3109, 0.0685 0.2411 0.3218, 0.0684 0.2426 0.3117, 0.0615 0.2413 0.321, 0.0627 0.2427 0.311, 0.0529 0.2417 0.318, 0.0574 0.243 0.3089, 0.0526 0.2434 0.3056, 0.0916 0.249 0.2662, 0.0816 0.2479 0.2737, 0.051 0.2492 0.2642, 0.0552 0.2505 0.2555, 0.0548 0.2505 0.2551, 0.0505 0.2493 0.2641, 0.0537 0.2506 0.2543, 0.0963 0.2522 0.2435, 0.0923 0.2522 0.2428, 0.0917 0.2508 0.253, 0.0916 0.2522 0.2428, 0.0903 0.2508 0.2531, 0.0875 0.2522 0.2433, 0.0887 0.2507 0.2537, 0.0837 0.252 0.2447, 0.0874 0.2506 0.2545, 0.0803 0.2517 0.247, 0.0863 0.2504 0.2557, 0.0776 0.2512 0.25, 0.0855 0.2502 0.2572, 0.0756 0.2507 0.2537, 0.0745 0.2501 0.2579, 0.0565 0.25 0.259, 0.0564 0.2502 0.2577, 0.0559 0.2503 0.2566, 0.0525 0.2493 0.264, 0.0537 0.2493 0.2636, 0.0565 0.2499 0.2596, 0.0547 0.2494 0.2629, 0.0555 0.2496 0.262, 0.0561 0.2497 0.2609, 0.0512 0.2492 0.2642, 0.0195 0.2474 0.2772, 0.0202 0.2466 0.2827, 0.0243 0.2455 0.2907, 0.0207 0.2464 0.2838, 0.0223 0.2459 0.2879, 0.0257 0.2452 0.2927, 0.0303 0.2447 0.2966, 0.0354 0.2443 0.2991, 0.0362 0.2443 0.2994, 0.0398 0.2433 0.3065, 0.0454 0.2424 0.3129, 0.0685 0.2411 0.3218, 0.0483 0.2421 0.3148, 0.0529 0.2416 0.318, 0.0544 0.2416 0.3185, 0.0615 0.2412 0.321, 0.0891 0.242 0.3154, 0.077 0.2412 0.3208, 0.0832 0.2416 0.3185, 0.0849 0.2417 0.3179, 0.0966 0.2431 0.308, 0.0897 0.2421 0.3148, 0.0931 0.2425 0.312, 0.0986 0.243 0.3082, 0.1006 0.243 0.3083, 0.1068 0.2431 0.3077, 0.1132 0.2434 0.3054, 0.1189 0.2439 0.3016, 0.1203 0.2441 0.3004, 0.1284 0.2468 0.2811, 0.1241 0.2448 0.2956, 0.1265 0.2455 0.2907, 0.127 0.2456 0.2896, 0.1282 0.2464 0.2838, 0.1284 0.2466 0.2829, 0.1279 0.2475 0.2765, 0.128 0.2474 0.277, 0.1278 0.2477 0.275, 0.1255 0.2486 0.2687, 0.1219 0.2493 0.2632, 0.1214 0.2494 0.2627, 0.1166 0.25 0.2585, 0.1105 0.2505 0.2553, 0.1078 0.2506 0.2544, 0.1061 0.2511 0.2508, 0.1036 0.2515 0.2477, 0.1003 0.2519 0.2452, 0.0963 0.2521 0.2435, 0.0923 0.2522 0.2428, 0.0916 0.2522 0.2428, 0.0875 0.2521 0.2433, 0.0837 0.2519 0.2447, 0.0803 0.2516 0.247, 0.0776 0.2512 0.25, 0.0756 0.2507 0.2537, 0.0745 0.2501 0.2579, 0.0744 0.2499 0.2596, 0.0744 0.2496 0.2613, 0.0504 0.2479 0.2737, 0.0557 0.2466 0.2827, 0.0524 0.2474 0.277, 0.0521 0.2475 0.2765, 0.0786 0.2483 0.271, 0.0677 0.2475 0.2765, 0.0668 0.2474 0.277, 0.0914 0.2474 0.2768, 0.0816 0.2479 0.2737, 0.0852 0.2476 0.2756, 0.0887 0.2475 0.2765, 0.0893 0.2475 0.2767, 0.094 0.2475 0.2765, 0.0955 0.2475 0.2764, 0.0993 0.2477 0.275, 0.1028 0.248 0.2726, 0.1056 0.2485 0.2694, 0.1075 0.249 0.2658, 0.117 0.2474 0.277, 0.1168 0.2475 0.2765, 0.1163 0.2477 0.2747, 0.1143 0.2482 0.2712, 0.1112 0.2487 0.2681, 0.1175 0.2472 0.2788, 0.1177 0.2468 0.2814, 0.1173 0.2464 0.2838, 0.1171 0.2462 0.2855, 0.1156 0.2457 0.2892, 0.1146 0.2455 0.2907, 0.1133 0.2452 0.2926, 0.1103 0.2449 0.2952, 0.1064 0.2446 0.2972, 0.1022 0.2444 0.2981, 0.1005 0.2444 0.2982, 0.0965 0.2445 0.2977, 0.0927 0.2447 0.2963, 0.0914 0.2448 0.2956, 0.0889 0.2441 0.3008, 0.085 0.2434 0.3053, 0.0802 0.2429 0.3087, 0.0746 0.2426 0.3109, 0.0684 0.2425 0.3117, 0.0447 0.2455 0.2904, 0.0447 0.2455 0.2907, 0.0456 0.2449 0.2948, 0.0481 0.2441 0.3003, 0.0519 0.2435 0.3049, 0.0526 0.2434 0.3056, 0.0574 0.2429 0.3089, 0.0627 0.2426 0.3109, 0.0433 0.2455 0.2903, 0.0401 0.2456 0.2899, 0.0371 0.2458 0.2888, 0.0345 0.246 0.2869, 0.0325 0.2463 0.2847, 0.032 0.2464 0.2838, 0.0309 0.2467 0.2818, 0.0302 0.2472 0.2785, 0.0301 0.2474 0.2771, 0.0301 0.2474 0.277, 0.0302 0.2475 0.2765, 0.0305 0.2479 0.2738, 0.0317 0.2483 0.2708, 0.0336 0.2487 0.2681, 0.0338 0.2487 0.2679, 0.0364 0.249 0.2659, 0.0394 0.2492 0.2645, 0.0425 0.2492 0.264, 0.0502 0.2492 0.264, 0.0505 0.2492 0.2641, 0.051 0.2492 0.2642, 0.0512 0.2492 0.2642, 0.0525 0.2492 0.264, 0.0537 0.2493 0.2636, 0.0547 0.2494 0.2629, 0.0555 0.2495 0.262, 0.0561 0.2497 0.2608, 0.0565 0.2499 0.2596, 0.0565 0.2499 0.259, 0.0564 0.2501 0.2577, 0.0559 0.2503 0.2566, 0.0552 0.2504 0.2555, 0.0548 0.2505 0.2551, 0.0537 0.2506 0.2543, 0.0526 0.2507 0.2539, 0.0516 0.2507 0.2537, 0.0415 0.2507 0.2536, 0.0359 0.2505 0.2548, 0.0306 0.2502 0.2572, 0.0259 0.2496 0.2611, 0.0225 0.249 0.2657, 0.0203 0.2482 0.2711, 0.0196 0.2475 0.2765, 0.0195 0.2474 0.277, 0.0916 0.2489 0.2662, 0.0902 0.249 0.266, 0.0886 0.249 0.2654, 0.0873 0.2492 0.2645, 0.0862 0.2493 0.2633, 0.0854 0.2495 0.2619, 0.0851 0.2498 0.2603, 0.0851 0.25 0.2588, 0.0855 0.2502 0.2572, 0.0863 0.2504 0.2557, 0.0874 0.2506 0.2545, 0.0887 0.2507 0.2537, 0.0903 0.2508 0.2531, 0.0917 0.2508 0.253, 0.093 0.2508 0.2531, 0.0946 0.2507 0.2536, 0.096 0.2506 0.2545, 0.0971 0.2504 0.2557, 0.0979 0.2502 0.2571, 0.0983 0.25 0.2586, 0.0983 0.2498 0.2603, 0.0979 0.2495 0.2619, 0.0971 0.2493 0.2634, 0.096 0.2492 0.2646, 0.0946 0.249 0.2655, 0.0931 0.249 0.266
            ]
        }
        coordIndex [
            0,1,2,-1,3,4,5,-1,6,7,3,-1,7,8,3,-1,3,8,9,-1,3,9,10,-1,11,12,13,-1,14,15,2,-1,2,15,16,-1,2,16,0,-1,9,17,10,-1,10,17,18,-1,10,18,19,-1,19,18,20,-1,21,22,23,-1,23,22,24,-1,23,24,25,-1,25,24,26,-1,25,26,27,-1,27,26,28,-1,11,13,29,-1,29,13,30,-1,29,30,31,-1,31,30,32,-1,31,32,33,-1,34,35,36,-1,36,35,37,-1,36,37,38,-1,38,37,39,-1,38,39,32,-1,32,39,40,-1,32,40,33,-1,41,42,43,-1,43,42,44,-1,43,44,45,-1,45,44,46,-1,45,46,47,-1,47,46,48,-1,47,48,49,-1,49,48,2,-1,49,2,50,-1,51,52,53,-1,53,52,54,-1,53,54,55,-1,55,54,56,-1,55,56,57,-1,57,56,58,-1,57,58,59,-1,59,58,60,-1,59,60,61,-1,62,63,14,-1,14,63,64,-1,14,64,15,-1,65,66,67,-1,67,66,68,-1,67,68,69,-1,69,68,70,-1,69,70,71,-1,71,70,72,-1,71,72,62,-1,62,72,73,-1,62,73,63,-1,74,1,75,-1,75,1,76,-1,75,76,77,-1,78,79,41,-1,41,79,80,-1,41,80,42,-1,26,81,28,-1,28,81,82,-1,28,82,83,-1,83,82,84,-1,83,84,85,-1,85,84,86,-1,85,86,87,-1,87,86,88,-1,87,88,89,-1,89,88,90,-1,89,90,91,-1,91,90,92,-1,91,92,51,-1,51,92,93,-1,51,93,52,-1,94,95,96,-1,96,95,97,-1,96,97,23,-1,23,97,98,-1,23,98,21,-1,36,99,34,-1,34,99,100,-1,34,100,101,-1,101,100,102,-1,101,102,103,-1,103,102,104,-1,103,104,105,-1,105,104,106,-1,105,106,65,-1,65,106,107,-1,65,107,66,-1,74,108,1,-1,1,108,109,-1,1,109,2,-1,2,109,110,-1,2,110,50,-1,12,11,111,-1,111,11,112,-1,111,112,113,-1,113,112,114,-1,113,114,115,-1,115,114,116,-1,115,116,117,-1,117,116,118,-1,117,118,94,-1,94,118,119,-1,94,119,95,-1,6,3,120,-1,120,3,5,-1,120,5,41,-1,41,5,121,-1,41,121,78,-1,122,123,124,-1,60,125,61,-1,61,125,122,-1,61,122,126,-1,126,122,124,-1,76,127,77,-1,77,127,128,-1,77,128,129,-1,129,128,130,-1,129,130,131,-1,131,130,132,-1,131,132,133,-1,133,132,134,-1,133,134,135,-1,135,134,136,-1,135,136,137,-1,137,136,138,-1,137,138,139,-1,139,138,140,-1,139,140,20,-1,20,140,141,-1,20,141,19,-1,142,143,122,-1,122,143,144,-1,122,144,123,-1,145,146,147,-1,146,148,147,-1,147,148,149,-1,147,149,150,-1,142,122,147,-1,147,122,151,-1,147,151,145,-1,87,152,153,-1,154,28,83,-1,87,153,85,-1,85,153,155,-1,85,155,83,-1,83,155,156,-1,83,156,154,-1,154,157,28,-1,28,157,158,-1,28,158,27,-1,27,158,159,-1,27,159,25,-1,25,159,160,-1,25,160,23,-1,23,160,161,-1,23,161,96,-1,96,161,162,-1,96,162,94,-1,163,113,115,-1,94,162,164,-1,94,164,117,-1,164,165,117,-1,117,165,166,-1,117,166,115,-1,115,166,167,-1,115,167,163,-1,168,13,12,-1,113,163,169,-1,113,169,111,-1,111,169,170,-1,111,170,12,-1,12,170,171,-1,12,171,168,-1,172,32,30,-1,13,168,173,-1,13,173,30,-1,30,173,174,-1,30,174,172,-1,32,172,175,-1,32,175,38,-1,38,175,176,-1,38,176,36,-1,36,176,177,-1,36,177,99,-1,99,177,178,-1,99,178,100,-1,100,178,179,-1,100,179,102,-1,102,179,180,-1,102,180,104,-1,181,68,66,-1,104,180,182,-1,104,182,106,-1,106,182,183,-1,106,183,107,-1,183,184,107,-1,107,184,185,-1,107,185,66,-1,66,185,186,-1,66,186,181,-1,187,70,188,-1,188,70,68,-1,188,68,181,-1,187,189,70,-1,70,189,190,-1,70,190,72,-1,72,190,191,-1,72,191,73,-1,73,191,192,-1,73,192,63,-1,63,192,193,-1,63,193,64,-1,64,193,194,-1,64,194,15,-1,15,194,195,-1,15,195,16,-1,16,195,196,-1,16,196,0,-1,0,196,197,-1,0,197,1,-1,1,197,198,-1,1,198,76,-1,76,198,199,-1,76,199,127,-1,127,199,200,-1,127,200,128,-1,128,200,201,-1,128,201,130,-1,130,201,202,-1,130,202,132,-1,132,202,203,-1,132,203,134,-1,134,203,204,-1,134,204,136,-1,136,204,205,-1,136,205,138,-1,138,205,206,-1,138,206,140,-1,140,206,207,-1,140,207,141,-1,141,207,208,-1,141,208,19,-1,10,19,209,-1,209,19,208,-1,3,10,210,-1,210,10,209,-1,211,4,212,-1,212,4,3,-1,212,3,213,-1,213,3,210,-1,214,5,215,-1,215,5,4,-1,215,4,216,-1,216,4,211,-1,217,80,79,-1,5,214,218,-1,5,218,121,-1,121,218,219,-1,121,219,78,-1,78,219,220,-1,78,220,79,-1,79,220,221,-1,79,221,217,-1,42,80,222,-1,222,80,217,-1,222,223,42,-1,42,223,224,-1,42,224,44,-1,44,224,225,-1,44,225,46,-1,46,225,226,-1,46,226,48,-1,48,226,227,-1,48,227,2,-1,228,69,229,-1,229,69,71,-1,229,71,230,-1,230,71,62,-1,230,62,231,-1,231,62,14,-1,231,14,232,-1,232,14,2,-1,232,2,227,-1,228,233,69,-1,69,233,234,-1,69,234,67,-1,65,67,235,-1,235,67,234,-1,235,236,65,-1,65,236,237,-1,65,237,105,-1,105,237,238,-1,105,238,103,-1,238,239,103,-1,103,239,240,-1,103,240,101,-1,101,240,241,-1,101,241,34,-1,34,241,242,-1,34,242,35,-1,35,242,243,-1,35,243,37,-1,37,243,244,-1,37,244,39,-1,39,244,245,-1,39,245,40,-1,40,245,246,-1,40,246,33,-1,33,246,247,-1,33,247,31,-1,31,247,248,-1,31,248,29,-1,29,248,249,-1,29,249,11,-1,11,249,250,-1,11,250,112,-1,112,250,251,-1,112,251,114,-1,252,21,253,-1,253,21,98,-1,253,98,254,-1,254,98,97,-1,254,97,255,-1,255,97,95,-1,255,95,256,-1,256,95,119,-1,256,119,257,-1,257,119,118,-1,257,118,258,-1,258,118,116,-1,258,116,259,-1,259,116,114,-1,259,114,251,-1,22,21,260,-1,260,21,252,-1,22,260,261,-1,22,261,24,-1,24,261,262,-1,24,262,26,-1,26,262,263,-1,26,263,81,-1,81,263,264,-1,81,264,82,-1,82,264,265,-1,82,265,84,-1,265,266,84,-1,84,266,267,-1,84,267,86,-1,86,267,268,-1,86,268,88,-1,268,269,88,-1,88,269,270,-1,88,270,90,-1,270,271,90,-1,90,271,272,-1,90,272,92,-1,92,272,273,-1,92,273,93,-1,93,273,274,-1,93,274,52,-1,52,274,275,-1,52,275,54,-1,54,275,276,-1,54,276,56,-1,56,276,277,-1,56,277,58,-1,60,58,278,-1,278,58,277,-1,60,278,279,-1,60,279,125,-1,125,279,280,-1,125,280,122,-1,122,280,281,-1,122,281,151,-1,151,281,282,-1,151,282,145,-1,145,282,283,-1,145,283,146,-1,146,283,284,-1,146,284,148,-1,148,284,285,-1,148,285,149,-1,149,285,286,-1,149,286,150,-1,150,286,287,-1,150,287,147,-1,147,287,288,-1,147,288,142,-1,142,288,289,-1,142,289,143,-1,143,289,290,-1,143,290,144,-1,144,290,291,-1,144,291,123,-1,123,291,292,-1,123,292,124,-1,124,292,293,-1,124,293,126,-1,126,293,294,-1,126,294,61,-1,61,294,295,-1,61,295,59,-1,57,59,296,-1,296,59,295,-1,57,296,297,-1,57,297,55,-1,55,297,298,-1,55,298,53,-1,53,298,299,-1,53,299,51,-1,51,299,300,-1,51,300,91,-1,91,300,301,-1,91,301,89,-1,89,301,302,-1,89,302,87,-1,87,302,303,-1,87,303,152,-1,120,304,305,-1,120,305,6,-1,6,305,306,-1,6,306,7,-1,7,306,307,-1,7,307,8,-1,8,307,308,-1,8,308,9,-1,9,308,309,-1,9,309,17,-1,17,309,310,-1,17,310,18,-1,18,310,311,-1,18,311,20,-1,20,311,312,-1,20,312,139,-1,139,312,313,-1,139,313,137,-1,137,313,314,-1,137,314,135,-1,135,314,315,-1,135,315,133,-1,133,315,316,-1,133,316,131,-1,131,316,317,-1,131,317,129,-1,129,317,318,-1,129,318,77,-1,77,318,319,-1,77,319,75,-1,75,319,320,-1,75,320,74,-1,74,320,321,-1,74,321,108,-1,108,321,322,-1,108,322,109,-1,109,322,323,-1,109,323,110,-1,110,323,324,-1,110,324,50,-1,50,324,325,-1,50,325,49,-1,49,325,326,-1,49,326,47,-1,47,326,327,-1,47,327,45,-1,45,327,328,-1,45,328,43,-1,43,328,329,-1,43,329,41,-1,41,329,304,-1,41,304,120,-1,
        ]
    }
}
Shape{
    appearance Appearance {
        material  Material 	{
            diffuseColor 0.2235294117647059 0.2235294117647059 0.2235294117647059
            specularColor 0.11372549019607843 0.11372549019607843 0.11372549019607843
            ambientIntensity 0.2235
            transparency 0.0
            shininess 0.5
        }
    }
    geometry IndexedFaceSet {
        ccw TRUE
        solid FALSE
        coord DEF co Coordinate {
            point [
                0.093 0.2508 0.2531, 0.0917 0.2508 0.253, 0.0916 0.2489 0.2662, 0.0903 0.2508 0.2531, 0.0851 0.2498 0.2603, 0.0851 0.25 0.2588, 0.0887 0.2507 0.2537, 0.0946 0.249 0.2655, 0.0971 0.2504 0.2557, 0.096 0.2506 0.2545, 0.0854 0.2495 0.2619, 0.0862 0.2493 0.2633, 0.0873 0.2492 0.2645, 0.0979 0.2502 0.2571, 0.096 0.2492 0.2646, 0.0983 0.25 0.2586, 0.0931 0.249 0.266, 0.0946 0.2507 0.2536, 0.0874 0.2506 0.2545, 0.0863 0.2504 0.2557, 0.0855 0.2502 0.2572, 0.0886 0.249 0.2654, 0.0902 0.249 0.266, 0.0983 0.2498 0.2603, 0.0971 0.2493 0.2634, 0.0979 0.2495 0.2619
            ]
        }
        coordIndex [
            0,1,2,-1,2,1,3,-1,4,3,5,-1,5,3,6,-1,7,8,9,-1,4,10,3,-1,3,10,11,-1,3,11,12,-1,8,7,13,-1,13,7,14,-1,13,14,15,-1,2,16,0,-1,0,16,7,-1,0,7,17,-1,17,7,9,-1,6,18,5,-1,5,18,19,-1,5,19,20,-1,12,21,3,-1,3,21,22,-1,3,22,2,-1,15,14,23,-1,23,14,24,-1,23,24,25,-1,
        ]
    }
}